-- phpMyAdmin SQL Dump
-- version 4.7.9
-- https://www.phpmyadmin.net/
--
-- Servidor: localhost
-- Tiempo de generación: 07-06-2018 a las 01:55:43
-- Versión del servidor: 10.1.31-MariaDB
-- Versión de PHP: 7.2.3

SET SQL_MODE = "NO_AUTO_VALUE_ON_ZERO";
SET AUTOCOMMIT = 0;
START TRANSACTION;
SET time_zone = "+00:00";


/*!40101 SET @OLD_CHARACTER_SET_CLIENT=@@CHARACTER_SET_CLIENT */;
/*!40101 SET @OLD_CHARACTER_SET_RESULTS=@@CHARACTER_SET_RESULTS */;
/*!40101 SET @OLD_COLLATION_CONNECTION=@@COLLATION_CONNECTION */;
/*!40101 SET NAMES utf8mb4 */;

--
-- Base de datos: `diagnostico`
--

-- --------------------------------------------------------

--
-- Estructura Stand-in para la vista `AciertosMun`
-- (Véase abajo para la vista actual)
--
CREATE TABLE `AciertosMun` (
`NoReferencia` varchar(10)
,`Municipio` varchar(60)
,`Estado` varchar(40)
,`Aciertos` int(5)
);

-- --------------------------------------------------------

--
-- Estructura Stand-in para la vista `AciertosPromSexo`
-- (Véase abajo para la vista actual)
--
CREATE TABLE `AciertosPromSexo` (
`Sexo` varchar(9)
,`Promedio` decimal(14,4)
);

-- --------------------------------------------------------

--
-- Estructura Stand-in para la vista `AciertosSexo`
-- (Véase abajo para la vista actual)
--
CREATE TABLE `AciertosSexo` (
`NoReferencia` varchar(10)
,`Sexo` varchar(9)
,`Aciertos` int(5)
);

-- --------------------------------------------------------

--
-- Estructura de tabla para la tabla `Administrador`
--

CREATE TABLE `Administrador` (
  `Username` varchar(20) NOT NULL,
  `Password` varchar(20) NOT NULL
) ENGINE=InnoDB DEFAULT CHARSET=latin1;

--
-- Volcado de datos para la tabla `Administrador`
--

INSERT INTO `Administrador` (`Username`, `Password`) VALUES
('oscar', 'potato15');

-- --------------------------------------------------------

--
-- Estructura de tabla para la tabla `Alumno`
--

CREATE TABLE `Alumno` (
  `NoReferencia` varchar(10) NOT NULL,
  `Nombre` varchar(40) NOT NULL,
  `Ap1` varchar(30) NOT NULL,
  `Ap2` varchar(30) NOT NULL,
  `Sexo` varchar(9) NOT NULL,
  `CURP` varchar(18) NOT NULL,
  `Foto` varchar(100) NOT NULL,
  `Password` varchar(24) NOT NULL
) ENGINE=InnoDB DEFAULT CHARSET=latin1;

--
-- Volcado de datos para la tabla `Alumno`
--

INSERT INTO `Alumno` (`NoReferencia`, `Nombre`, `Ap1`, `Ap2`, `Sexo`, `CURP`, `Foto`, `Password`) VALUES
('PE00000001', 'Juana', 'Perez', 'Perez', 'Mujer', 'PEPJ12231990', 'usuario.png', '1234'),
('PE00000002', 'Maria', 'Jimenez', 'Jimenez', 'Mujer', 'JIJM01011991', 'usuario.png', 'contrasena'),
('PE00000003', 'Fernanda', 'Romero', 'Ortega', 'Mujer', 'ROOF951220MJCMRR00', 'usuario.png', 'contrasena'),
('PE00000015', 'Oscar Israel', 'Castillo', 'Maga&Atilde;±a', 'Hombre', 'CAMO971115HJCSGS05', 'PE00000015.jpg', 'potato15'),
('PP00000001', 'Juan', 'Perez', 'Perez', 'Hombre', 'PEPJ12231990', 'usuario.png', 'uno234'),
('PP00000002', 'Pedro', 'Jimenez', 'Jimenez', 'Hombre', 'JIJP10111920', 'usuario.png', '123cuatro'),
('PP00000003', 'Yeimi Guadalupe', 'Estrada', 'Mondrag&oacute;n', 'Mujer', 'EAMY970623MMNSNM00', 'prueba.png', 'pitahermosa'),
('PP00000004', 'Ramiro', 'Estrada', 'Castro', 'Hombre', 'JIJP10111920', 'prueba.png', 'contrasena'),
('PP00000005', 'Maria', 'Lopez', 'Perez', 'Hombre', 'CAER950101HDFSSM00', 'PP00000005.jpg', 'jejejeje'),
('PP00000010', 'Hanna', 'Baker', 'Clay', 'Mujer', 'BACH000603MGRKLN01', 'usuario.png', 'semuriojeje');

-- --------------------------------------------------------

--
-- Estructura Stand-in para la vista `AlumnoMunicipio`
-- (Véase abajo para la vista actual)
--
CREATE TABLE `AlumnoMunicipio` (
`Municipio` varchar(60)
,`Estado` varchar(40)
,`Alumnos` bigint(21)
);

-- --------------------------------------------------------

--
-- Estructura Stand-in para la vista `AlumnosEdad`
-- (Véase abajo para la vista actual)
--
CREATE TABLE `AlumnosEdad` (
`Edad` int(6)
,`Alumnos` bigint(21)
);

-- --------------------------------------------------------

--
-- Estructura Stand-in para la vista `AlumnosHorario`
-- (Véase abajo para la vista actual)
--
CREATE TABLE `AlumnosHorario` (
`Horario` timestamp
,`Alumnos` bigint(21)
);

-- --------------------------------------------------------

--
-- Estructura Stand-in para la vista `AlumnosLab`
-- (Véase abajo para la vista actual)
--
CREATE TABLE `AlumnosLab` (
`Laboratorio` int(5)
,`Alumnos` bigint(21)
);

-- --------------------------------------------------------

--
-- Estructura Stand-in para la vista `AlumnosLab10`
-- (Véase abajo para la vista actual)
--
CREATE TABLE `AlumnosLab10` (
`Laboratorio` int(5)
,`Alumnos` bigint(21)
);

-- --------------------------------------------------------

--
-- Estructura Stand-in para la vista `AlumnosLab12`
-- (Véase abajo para la vista actual)
--
CREATE TABLE `AlumnosLab12` (
`Laboratorio` int(5)
,`Alumnos` bigint(21)
);

-- --------------------------------------------------------

--
-- Estructura Stand-in para la vista `AlumnosLab14`
-- (Véase abajo para la vista actual)
--
CREATE TABLE `AlumnosLab14` (
`Laboratorio` int(5)
,`Alumnos` bigint(21)
);

-- --------------------------------------------------------

--
-- Estructura Stand-in para la vista `AlumnosSexo`
-- (Véase abajo para la vista actual)
--
CREATE TABLE `AlumnosSexo` (
`Sexo` varchar(9)
,`Alumnos` bigint(21)
);

-- --------------------------------------------------------

--
-- Estructura de tabla para la tabla `Contacto`
--

CREATE TABLE `Contacto` (
  `NoReferencia` varchar(10) NOT NULL,
  `Direccion` varchar(60) NOT NULL,
  `Municipio` varchar(60) NOT NULL,
  `Estado` varchar(40) NOT NULL,
  `Cel` varchar(10) NOT NULL,
  `Tel` varchar(10) NOT NULL,
  `Correo` varchar(30) NOT NULL
) ENGINE=InnoDB DEFAULT CHARSET=latin1;

--
-- Volcado de datos para la tabla `Contacto`
--

INSERT INTO `Contacto` (`NoReferencia`, `Direccion`, `Municipio`, `Estado`, `Cel`, `Tel`, `Correo`) VALUES
('PE00000001', 'Miguel Hidalgo #1', 'Zit&aacute;cuaro', 'Michoac&aacute;n', '7150010001', '7151101110', 'a@gmail.com'),
('PE00000002', 'Independencia #20', 'Tlanepantla de B&aacute;z', 'Estado de M&eacute;xico', '5520020002', '5522202220', 'd@gmail.com'),
('PE00000015', 'Matias Romero 38, Fraccionamiento Melchor Ocampo', 'Zit&aacute;cuaro', 'Michoac&aacute;n', '7151275782', '7151683207', 'oscar_97.10@outlook.com'),
('PP00000001', 'Cucohouse #23', 'Gustavo A. Madero', 'Ciudad de M&eacute;xico', '5550010001', '5551101110', 'general@gmail.com'),
('PP00000002', 'Calle de Prueba #30, Buenavista', 'Miguel Hidalgo', 'Ciudad de M&eacute;xico', '5550020002', '5552202220', 'prueba@gmaill.com'),
('PP00000004', 'Miguel Hidalgo #20, El Moral', 'Gustavo A. Madero', 'Ciudad de M&eacute;xico', '7151040404', '5551113333', 'potato@gmail.com'),
('PP00000005', 'Juan de Dios Batiz, Nueva Industrial Vallejo', 'Miguel Hidalgo', 'Ciudad de M&eacute;xico', '5557296000', '5551234567', 'maria@gmail.com'),
('PP00000010', 'Independencia #40, Centro', 'Tlanepantla de B&aacute;z', 'Estado de M&eacute;xico', '5512121222', '5512121221', 'hana@gmail.com');

-- --------------------------------------------------------

--
-- Estructura Stand-in para la vista `EdadAciertos`
-- (Véase abajo para la vista actual)
--
CREATE TABLE `EdadAciertos` (
`NoReferencia` varchar(10)
,`Edad` int(6)
,`Aciertos` int(5)
);

-- --------------------------------------------------------

--
-- Estructura de tabla para la tabla `Escolares`
--

CREATE TABLE `Escolares` (
  `NoReferencia` varchar(10) NOT NULL,
  `Escuela` varchar(60) NOT NULL,
  `Promedio` float NOT NULL,
  `Opcion` int(3) NOT NULL DEFAULT '1'
) ENGINE=InnoDB DEFAULT CHARSET=latin1;

--
-- Volcado de datos para la tabla `Escolares`
--

INSERT INTO `Escolares` (`NoReferencia`, `Escuela`, `Promedio`, `Opcion`) VALUES
('PE00000001', 'Otras', 8.7, 1),
('PE00000002', 'Otras', 9.2, 1),
('PE00000015', 'Otras', 9.6, 1),
('PP00000001', 'CECyT 7', 9, 0),
('PP00000002', 'CECyT 7', 7.5, 1),
('PP00000004', 'CECyT 1', 9.4, 1),
('PP00000005', 'CECyT 3', 8.2, 2),
('PP00000010', 'CECyT 5', 8.98, 1);

-- --------------------------------------------------------

--
-- Estructura Stand-in para la vista `EscuelaAciertos`
-- (Véase abajo para la vista actual)
--
CREATE TABLE `EscuelaAciertos` (
`NoReferencia` varchar(10)
,`Escuela` varchar(60)
,`Aciertos` int(5)
);

-- --------------------------------------------------------

--
-- Estructura de tabla para la tabla `estado`
--

CREATE TABLE `estado` (
  `id` int(11) NOT NULL,
  `ubicacionpaisid` int(11) DEFAULT NULL,
  `estadonombre` varchar(255) CHARACTER SET utf8 COLLATE utf8_unicode_ci NOT NULL
) ENGINE=InnoDB DEFAULT CHARSET=latin1;

--
-- Volcado de datos para la tabla `estado`
--

INSERT INTO `estado` (`id`, `ubicacionpaisid`, `estadonombre`) VALUES
(1, 3, 'Azerbaijan'),
(2, 3, 'Nargorni Karabakh'),
(3, 3, 'Nakhichevanskaya Region'),
(4, 4, 'Anguilla'),
(5, 7, 'Brestskaya obl.'),
(6, 7, 'Vitebskaya obl.'),
(7, 7, 'Gomelskaya obl.'),
(8, 7, 'Grodnenskaya obl.'),
(9, 7, 'Minskaya obl.'),
(10, 7, 'Mogilevskaya obl.'),
(11, 8, 'Belize'),
(12, 10, 'Hamilton'),
(13, 15, 'Dong Bang Song Cuu Long'),
(14, 15, 'Dong Bang Song Hong'),
(15, 15, 'Dong Nam Bo'),
(16, 15, 'Duyen Hai Mien Trung'),
(17, 15, 'Khu Bon Cu'),
(18, 15, 'Mien Nui Va Trung Du'),
(19, 15, 'Thai Nguyen'),
(20, 16, 'Artibonite'),
(21, 16, 'Grand&#039;Anse'),
(22, 16, 'North West'),
(23, 16, 'West'),
(24, 16, 'South'),
(25, 16, 'South East'),
(26, 17, 'Grande-Terre'),
(27, 17, 'Basse-Terre'),
(28, 21, 'Abkhazia'),
(29, 21, 'Ajaria'),
(30, 21, 'Georgia'),
(31, 21, 'South Ossetia'),
(32, 23, 'Al Q&Auml; hira'),
(33, 23, 'Aswan'),
(34, 23, 'Asyut'),
(35, 23, 'Beni Suef'),
(36, 23, 'Gharbia'),
(37, 23, 'Damietta'),
(38, 24, 'Southern District'),
(39, 24, 'Central District'),
(40, 24, 'Northern District'),
(41, 24, 'Haifa'),
(42, 24, 'Tel Aviv'),
(43, 24, 'Jerusalem'),
(44, 25, 'Bangala'),
(45, 25, 'Chhattisgarh'),
(46, 25, 'Karnataka'),
(47, 25, 'Uttaranchal'),
(48, 25, 'Andhara Pradesh'),
(49, 25, 'Assam'),
(50, 25, 'Bihar'),
(51, 25, 'Gujarat'),
(52, 25, 'Jammu and Kashmir'),
(53, 25, 'Kerala'),
(54, 25, 'Madhya Pradesh'),
(55, 25, 'Manipur'),
(56, 25, 'Maharashtra'),
(57, 25, 'Megahalaya'),
(58, 25, 'Orissa'),
(59, 25, 'Punjab'),
(60, 25, 'Pondisheri'),
(61, 25, 'Rajasthan'),
(62, 25, 'Tamil Nadu'),
(63, 25, 'Tripura'),
(64, 25, 'Uttar Pradesh'),
(65, 25, 'Haryana'),
(66, 25, 'Chandigarh'),
(67, 26, 'Azarbayjan-e Khavari'),
(68, 26, 'Esfahan'),
(69, 26, 'Hamadan'),
(70, 26, 'Kordestan'),
(71, 26, 'Markazi'),
(72, 26, 'Sistan-e Baluches'),
(73, 26, 'Yazd'),
(74, 26, 'Kerman'),
(75, 26, 'Kermanshakhan'),
(76, 26, 'Mazenderan'),
(77, 26, 'Tehran'),
(78, 26, 'Fars'),
(79, 26, 'Horasan'),
(80, 26, 'Husistan'),
(81, 30, 'Aktyubinskaya obl.'),
(82, 30, 'Alma-Atinskaya obl.'),
(83, 30, 'Vostochno-Kazahstanskaya obl.'),
(84, 30, 'Gurevskaya obl.'),
(85, 30, 'Zhambylskaya obl. (Dzhambulskaya obl.)'),
(86, 30, 'Dzhezkazganskaya obl.'),
(87, 30, 'Karagandinskaya obl.'),
(88, 30, 'Kzyl-Ordinskaya obl.'),
(89, 30, 'Kokchetavskaya obl.'),
(90, 30, 'Kustanaiskaya obl.'),
(91, 30, 'Mangystauskaya (Mangyshlakskaya obl.)'),
(92, 30, 'Pavlodarskaya obl.'),
(93, 30, 'Severo-Kazahstanskaya obl.'),
(94, 30, 'Taldy-Kurganskaya obl.'),
(95, 30, 'Turgaiskaya obl.'),
(96, 30, 'Akmolinskaya obl. (Tselinogradskaya obl.)'),
(97, 30, 'Chimkentskaya obl.'),
(98, 31, 'Littoral'),
(99, 31, 'Southwest Region'),
(100, 31, 'North'),
(101, 31, 'Central'),
(102, 33, 'Government controlled area'),
(103, 33, 'Turkish controlled area'),
(104, 34, 'Issik Kulskaya Region'),
(105, 34, 'Kyrgyzstan'),
(106, 34, 'Narinskaya Region'),
(107, 34, 'Oshskaya Region'),
(108, 34, 'Tallaskaya Region'),
(109, 37, 'al-Jahra'),
(110, 37, 'al-Kuwait'),
(111, 38, 'Latviya'),
(112, 39, 'Tarabulus'),
(113, 39, 'Bengasi'),
(114, 40, 'Litva'),
(115, 43, 'Moldova'),
(116, 45, 'Auckland'),
(117, 45, 'Bay of Plenty'),
(118, 45, 'Canterbury'),
(119, 45, 'Gisborne'),
(120, 45, 'Hawke&#039;s Bay'),
(121, 45, 'Manawatu-Wanganui'),
(122, 45, 'Marlborough'),
(123, 45, 'Nelson'),
(124, 45, 'Northland'),
(125, 45, 'Otago'),
(126, 45, 'Southland'),
(127, 45, 'Taranaki'),
(128, 45, 'Tasman'),
(129, 45, 'Waikato'),
(130, 45, 'Wellington'),
(131, 45, 'West Coast'),
(132, 49, 'Saint-Denis'),
(133, 50, 'Altaiskii krai'),
(134, 50, 'Amurskaya obl.'),
(135, 50, 'Arhangelskaya obl.'),
(136, 50, 'Astrahanskaya obl.'),
(137, 50, 'Bashkiriya obl.'),
(138, 50, 'Belgorodskaya obl.'),
(139, 50, 'Bryanskaya obl.'),
(140, 50, 'Buryatiya'),
(141, 50, 'Vladimirskaya obl.'),
(142, 50, 'Volgogradskaya obl.'),
(143, 50, 'Vologodskaya obl.'),
(144, 50, 'Voronezhskaya obl.'),
(145, 50, 'Nizhegorodskaya obl.'),
(146, 50, 'Dagestan'),
(147, 50, 'Evreiskaya obl.'),
(148, 50, 'Ivanovskaya obl.'),
(149, 50, 'Irkutskaya obl.'),
(150, 50, 'Kabardino-Balkariya'),
(151, 50, 'Kaliningradskaya obl.'),
(152, 50, 'Tverskaya obl.'),
(153, 50, 'Kalmykiya'),
(154, 50, 'Kaluzhskaya obl.'),
(155, 50, 'Kamchatskaya obl.'),
(156, 50, 'Kareliya'),
(157, 50, 'Kemerovskaya obl.'),
(158, 50, 'Kirovskaya obl.'),
(159, 50, 'Komi'),
(160, 50, 'Kostromskaya obl.'),
(161, 50, 'Krasnodarskii krai'),
(162, 50, 'Krasnoyarskii krai'),
(163, 50, 'Kurganskaya obl.'),
(164, 50, 'Kurskaya obl.'),
(165, 50, 'Lipetskaya obl.'),
(166, 50, 'Magadanskaya obl.'),
(167, 50, 'Marii El'),
(168, 50, 'Mordoviya'),
(169, 50, 'Moscow &amp; Moscow Region'),
(170, 50, 'Murmanskaya obl.'),
(171, 50, 'Novgorodskaya obl.'),
(172, 50, 'Novosibirskaya obl.'),
(173, 50, 'Omskaya obl.'),
(174, 50, 'Orenburgskaya obl.'),
(175, 50, 'Orlovskaya obl.'),
(176, 50, 'Penzenskaya obl.'),
(177, 50, 'Permskiy krai'),
(178, 50, 'Primorskii krai'),
(179, 50, 'Pskovskaya obl.'),
(180, 50, 'Rostovskaya obl.'),
(181, 50, 'Ryazanskaya obl.'),
(182, 50, 'Samarskaya obl.'),
(183, 50, 'Saint-Petersburg and Region'),
(184, 50, 'Saratovskaya obl.'),
(185, 50, 'Saha (Yakutiya)'),
(186, 50, 'Sahalin'),
(187, 50, 'Sverdlovskaya obl.'),
(188, 50, 'Severnaya Osetiya'),
(189, 50, 'Smolenskaya obl.'),
(190, 50, 'Stavropolskii krai'),
(191, 50, 'Tambovskaya obl.'),
(192, 50, 'Tatarstan'),
(193, 50, 'Tomskaya obl.'),
(195, 50, 'Tulskaya obl.'),
(196, 50, 'Tyumenskaya obl. i Hanty-Mansiiskii AO'),
(197, 50, 'Udmurtiya'),
(198, 50, 'Ulyanovskaya obl.'),
(199, 50, 'Uralskaya obl.'),
(200, 50, 'Habarovskii krai'),
(201, 50, 'Chelyabinskaya obl.'),
(202, 50, 'Checheno-Ingushetiya'),
(203, 50, 'Chitinskaya obl.'),
(204, 50, 'Chuvashiya'),
(205, 50, 'Yaroslavskaya obl.'),
(206, 51, 'Ahuachap&aacute;n'),
(207, 51, 'Cuscatl&aacute;n'),
(208, 51, 'La Libertad'),
(209, 51, 'La Paz'),
(210, 51, 'La Uni&oacute;n'),
(211, 51, 'San Miguel'),
(212, 51, 'San Salvador'),
(213, 51, 'Santa Ana'),
(214, 51, 'Sonsonate'),
(215, 54, 'Paramaribo'),
(216, 56, 'Gorno-Badakhshan Region'),
(217, 56, 'Kuljabsk Region'),
(218, 56, 'Kurgan-Tjube Region'),
(219, 56, 'Sughd Region'),
(220, 56, 'Tajikistan'),
(221, 57, 'Ashgabat Region'),
(222, 57, 'Krasnovodsk Region'),
(223, 57, 'Mary Region'),
(224, 57, 'Tashauz Region'),
(225, 57, 'Chardzhou Region'),
(226, 58, 'Grand Turk'),
(227, 59, 'Bartin'),
(228, 59, 'Bayburt'),
(229, 59, 'Karabuk'),
(230, 59, 'Adana'),
(231, 59, 'Aydin'),
(232, 59, 'Amasya'),
(233, 59, 'Ankara'),
(234, 59, 'Antalya'),
(235, 59, 'Artvin'),
(236, 59, 'Afion'),
(237, 59, 'Balikesir'),
(238, 59, 'Bilecik'),
(239, 59, 'Bursa'),
(240, 59, 'Gaziantep'),
(241, 59, 'Denizli'),
(242, 59, 'Izmir'),
(243, 59, 'Isparta'),
(244, 59, 'Icel'),
(245, 59, 'Kayseri'),
(246, 59, 'Kars'),
(247, 59, 'Kodjaeli'),
(248, 59, 'Konya'),
(249, 59, 'Kirklareli'),
(250, 59, 'Kutahya'),
(251, 59, 'Malatya'),
(252, 59, 'Manisa'),
(253, 59, 'Sakarya'),
(254, 59, 'Samsun'),
(255, 59, 'Sivas'),
(256, 59, 'Istanbul'),
(257, 59, 'Trabzon'),
(258, 59, 'Corum'),
(259, 59, 'Edirne'),
(260, 59, 'Elazig'),
(261, 59, 'Erzincan'),
(262, 59, 'Erzurum'),
(263, 59, 'Eskisehir'),
(264, 60, 'Jinja'),
(265, 60, 'Kampala'),
(266, 61, 'Andijon Region'),
(267, 61, 'Buxoro Region'),
(268, 61, 'Jizzac Region'),
(269, 61, 'Qaraqalpaqstan'),
(270, 61, 'Qashqadaryo Region'),
(271, 61, 'Navoiy Region'),
(272, 61, 'Namangan Region'),
(273, 61, 'Samarqand Region'),
(274, 61, 'Surxondaryo Region'),
(275, 61, 'Sirdaryo Region'),
(276, 61, 'Tashkent Region'),
(277, 61, 'Fergana Region'),
(278, 61, 'Xorazm Region'),
(279, 62, 'Vinnitskaya obl.'),
(280, 62, 'Volynskaya obl.'),
(281, 62, 'Dnepropetrovskaya obl.'),
(282, 62, 'Donetskaya obl.'),
(283, 62, 'Zhitomirskaya obl.'),
(284, 62, 'Zakarpatskaya obl.'),
(285, 62, 'Zaporozhskaya obl.'),
(286, 62, 'Ivano-Frankovskaya obl.'),
(287, 62, 'Kievskaya obl.'),
(288, 62, 'Kirovogradskaya obl.'),
(289, 62, 'Krymskaya obl.'),
(290, 62, 'Luganskaya obl.'),
(291, 62, 'Lvovskaya obl.'),
(292, 62, 'Nikolaevskaya obl.'),
(293, 62, 'Odesskaya obl.'),
(294, 62, 'Poltavskaya obl.'),
(295, 62, 'Rovenskaya obl.'),
(296, 62, 'Sumskaya obl.'),
(297, 62, 'Ternopolskaya obl.'),
(298, 62, 'Harkovskaya obl.'),
(299, 62, 'Hersonskaya obl.'),
(300, 62, 'Hmelnitskaya obl.'),
(301, 62, 'Cherkasskaya obl.'),
(302, 62, 'Chernigovskaya obl.'),
(303, 62, 'Chernovitskaya obl.'),
(304, 68, 'Estoniya'),
(305, 69, 'Cheju'),
(306, 69, 'Chollabuk'),
(307, 69, 'Chollanam'),
(308, 69, 'Chungcheongbuk'),
(309, 69, 'Chungcheongnam'),
(310, 69, 'Incheon'),
(311, 69, 'Kangweon'),
(312, 69, 'Kwangju'),
(313, 69, 'Kyeonggi'),
(314, 69, 'Kyeongsangbuk'),
(315, 69, 'Kyeongsangnam'),
(316, 69, 'Pusan'),
(317, 69, 'Seoul'),
(318, 69, 'Taegu'),
(319, 69, 'Taejeon'),
(320, 69, 'Ulsan'),
(321, 70, 'Aichi'),
(322, 70, 'Akita'),
(323, 70, 'Aomori'),
(324, 70, 'Wakayama'),
(325, 70, 'Gifu'),
(326, 70, 'Gunma'),
(327, 70, 'Ibaraki'),
(328, 70, 'Iwate'),
(329, 70, 'Ishikawa'),
(330, 70, 'Kagawa'),
(331, 70, 'Kagoshima'),
(332, 70, 'Kanagawa'),
(333, 70, 'Kyoto'),
(334, 70, 'Kochi'),
(335, 70, 'Kumamoto'),
(336, 70, 'Mie'),
(337, 70, 'Miyagi'),
(338, 70, 'Miyazaki'),
(339, 70, 'Nagano'),
(340, 70, 'Nagasaki'),
(341, 70, 'Nara'),
(342, 70, 'Niigata'),
(343, 70, 'Okayama'),
(344, 70, 'Okinawa'),
(345, 70, 'Osaka'),
(346, 70, 'Saga'),
(347, 70, 'Saitama'),
(348, 70, 'Shiga'),
(349, 70, 'Shizuoka'),
(350, 70, 'Shimane'),
(351, 70, 'Tiba'),
(352, 70, 'Tokyo'),
(353, 70, 'Tokushima'),
(354, 70, 'Tochigi'),
(355, 70, 'Tottori'),
(356, 70, 'Toyama'),
(357, 70, 'Fukui'),
(358, 70, 'Fukuoka'),
(359, 70, 'Fukushima'),
(360, 70, 'Hiroshima'),
(361, 70, 'Hokkaido'),
(362, 70, 'Hyogo'),
(363, 70, 'Yoshimi'),
(364, 70, 'Yamagata'),
(365, 70, 'Yamaguchi'),
(366, 70, 'Yamanashi'),
(368, 73, 'Hong Kong'),
(369, 74, 'Indonesia'),
(370, 75, 'Jordan'),
(371, 76, 'Malaysia'),
(372, 77, 'Singapore'),
(373, 78, 'Taiwan'),
(374, 30, 'Kazahstan'),
(375, 62, 'Ukraina'),
(376, 25, 'India'),
(377, 23, 'Egypt'),
(378, 106, 'Damascus'),
(379, 131, 'Isle of Man'),
(380, 30, 'Zapadno-Kazahstanskaya obl.'),
(381, 50, 'Adygeya'),
(382, 50, 'Hakasiya'),
(383, 93, 'Dubai'),
(384, 50, 'Chukotskii AO'),
(385, 99, 'Beirut'),
(386, 137, 'Tegucigalpa'),
(387, 138, 'Santo Domingo'),
(388, 139, 'Ulan Bator'),
(389, 23, 'Sinai'),
(390, 140, 'Baghdad'),
(391, 140, 'Basra'),
(392, 140, 'Mosul'),
(393, 141, 'Johannesburg'),
(394, 104, 'Morocco'),
(395, 104, 'Tangier'),
(396, 50, 'Yamalo-Nenetskii AO'),
(397, 122, 'Tunisia'),
(398, 92, 'Thailand'),
(399, 117, 'Mozambique'),
(400, 84, 'Korea'),
(401, 87, 'Pakistan'),
(402, 142, 'Aruba'),
(403, 80, 'Bahamas'),
(404, 69, 'South Korea'),
(405, 132, 'Jamaica'),
(406, 93, 'Sharjah'),
(407, 93, 'Abu Dhabi'),
(409, 24, 'Ramat Hagolan'),
(410, 115, 'Nigeria'),
(411, 64, 'Ain'),
(412, 64, 'Haute-Savoie'),
(413, 64, 'Aisne'),
(414, 64, 'Allier'),
(415, 64, 'Alpes-de-Haute-Provence'),
(416, 64, 'Hautes-Alpes'),
(417, 64, 'Alpes-Maritimes'),
(418, 64, 'Ard&egrave;che'),
(419, 64, 'Ardennes'),
(420, 64, 'Ari&egrave;ge'),
(421, 64, 'Aube'),
(422, 64, 'Aude'),
(423, 64, 'Aveyron'),
(424, 64, 'Bouches-du-Rh&ocirc;ne'),
(425, 64, 'Calvados'),
(426, 64, 'Cantal'),
(427, 64, 'Charente'),
(428, 64, 'Charente Maritime'),
(429, 64, 'Cher'),
(430, 64, 'Corr&egrave;ze'),
(431, 64, 'Dordogne'),
(432, 64, 'Corse'),
(433, 64, 'C&ocirc;te d&#039;Or'),
(434, 64, 'Sa&ocirc;ne et Loire'),
(435, 64, 'C&ocirc;tes d&#039;Armor'),
(436, 64, 'Creuse'),
(437, 64, 'Doubs'),
(438, 64, 'Dr&ocirc;me'),
(439, 64, 'Eure'),
(440, 64, 'Eure-et-Loire'),
(441, 64, 'Finist&egrave;re'),
(442, 64, 'Gard'),
(443, 64, 'Haute-Garonne'),
(444, 64, 'Gers'),
(445, 64, 'Gironde'),
(446, 64, 'H&eacute;rault'),
(447, 64, 'Ille et Vilaine'),
(448, 64, 'Indre'),
(449, 64, 'Indre-et-Loire'),
(450, 64, 'Is&egrave;re'),
(451, 64, 'Jura'),
(452, 64, 'Landes'),
(453, 64, 'Loir-et-Cher'),
(454, 64, 'Loire'),
(455, 64, 'Rh&ocirc;ne'),
(456, 64, 'Haute-Loire'),
(457, 64, 'Loire Atlantique'),
(458, 64, 'Loiret'),
(459, 64, 'Lot'),
(460, 64, 'Lot-et-Garonne'),
(461, 64, 'Loz&egrave;re'),
(462, 64, 'Maine et Loire'),
(463, 64, 'Manche'),
(464, 64, 'Marne'),
(465, 64, 'Haute-Marne'),
(466, 64, 'Mayenne'),
(467, 64, 'Meurthe-et-Moselle'),
(468, 64, 'Meuse'),
(469, 64, 'Morbihan'),
(470, 64, 'Moselle'),
(471, 64, 'Ni&egrave;vre'),
(472, 64, 'Nord'),
(473, 64, 'Oise'),
(474, 64, 'Orne'),
(475, 64, 'Pas-de-Calais'),
(476, 64, 'Puy-de-D&ocirc;me'),
(477, 64, 'Pyr&eacute;n&eacute;es-Atlantiques'),
(478, 64, 'Hautes-Pyr&eacute;n&eacute;es'),
(479, 64, 'Pyr&eacute;n&eacute;es-Orientales'),
(480, 64, 'Bas Rhin'),
(481, 64, 'Haut Rhin'),
(482, 64, 'Haute-Sa&ocirc;ne'),
(483, 64, 'Sarthe'),
(484, 64, 'Savoie'),
(485, 64, 'Paris'),
(486, 64, 'Seine-Maritime'),
(487, 64, 'Seine-et-Marne'),
(488, 64, 'Yvelines'),
(489, 64, 'Deux-S&egrave;vres'),
(490, 64, 'Somme'),
(491, 64, 'Tarn'),
(492, 64, 'Tarn-et-Garonne'),
(493, 64, 'Var'),
(494, 64, 'Vaucluse'),
(495, 64, 'Vend&eacute;e'),
(496, 64, 'Vienne'),
(497, 64, 'Haute-Vienne'),
(498, 64, 'Vosges'),
(499, 64, 'Yonne'),
(500, 64, 'Territoire de Belfort'),
(501, 64, 'Essonne'),
(502, 64, 'Hauts-de-Seine'),
(503, 64, 'Seine-Saint-Denis'),
(504, 64, 'Val-de-Marne'),
(505, 64, 'Val-d&#039;Oise'),
(506, 29, 'Piemonte - Torino'),
(507, 29, 'Piemonte - Alessandria'),
(508, 29, 'Piemonte - Asti'),
(509, 29, 'Piemonte - Biella'),
(510, 29, 'Piemonte - Cuneo'),
(511, 29, 'Piemonte - Novara'),
(512, 29, 'Piemonte - Verbania'),
(513, 29, 'Piemonte - Vercelli'),
(514, 29, 'Valle d&#039;Aosta - Aosta'),
(515, 29, 'Lombardia - Milano'),
(516, 29, 'Lombardia - Bergamo'),
(517, 29, 'Lombardia - Brescia'),
(518, 29, 'Lombardia - Como'),
(519, 29, 'Lombardia - Cremona'),
(520, 29, 'Lombardia - Lecco'),
(521, 29, 'Lombardia - Lodi'),
(522, 29, 'Lombardia - Mantova'),
(523, 29, 'Lombardia - Pavia'),
(524, 29, 'Lombardia - Sondrio'),
(525, 29, 'Lombardia - Varese'),
(526, 29, 'Trentino Alto Adige - Trento'),
(527, 29, 'Trentino Alto Adige - Bolzano'),
(528, 29, 'Veneto - Venezia'),
(529, 29, 'Veneto - Belluno'),
(530, 29, 'Veneto - Padova'),
(531, 29, 'Veneto - Rovigo'),
(532, 29, 'Veneto - Treviso'),
(533, 29, 'Veneto - Verona'),
(534, 29, 'Veneto - Vicenza'),
(535, 29, 'Friuli Venezia Giulia - Trieste'),
(536, 29, 'Friuli Venezia Giulia - Gorizia'),
(537, 29, 'Friuli Venezia Giulia - Pordenone'),
(538, 29, 'Friuli Venezia Giulia - Udine'),
(539, 29, 'Liguria - Genova'),
(540, 29, 'Liguria - Imperia'),
(541, 29, 'Liguria - La Spezia'),
(542, 29, 'Liguria - Savona'),
(543, 29, 'Emilia Romagna - Bologna'),
(544, 29, 'Emilia Romagna - Ferrara'),
(545, 29, 'Emilia Romagna - Forl&igrave;-Cesena'),
(546, 29, 'Emilia Romagna - Modena'),
(547, 29, 'Emilia Romagna - Parma'),
(548, 29, 'Emilia Romagna - Piacenza'),
(549, 29, 'Emilia Romagna - Ravenna'),
(550, 29, 'Emilia Romagna - Reggio Emilia'),
(551, 29, 'Emilia Romagna - Rimini'),
(552, 29, 'Toscana - Firenze'),
(553, 29, 'Toscana - Arezzo'),
(554, 29, 'Toscana - Grosseto'),
(555, 29, 'Toscana - Livorno'),
(556, 29, 'Toscana - Lucca'),
(557, 29, 'Toscana - Massa Carrara'),
(558, 29, 'Toscana - Pisa'),
(559, 29, 'Toscana - Pistoia'),
(560, 29, 'Toscana - Prato'),
(561, 29, 'Toscana - Siena'),
(562, 29, 'Umbria - Perugia'),
(563, 29, 'Umbria - Terni'),
(564, 29, 'Marche - Ancona'),
(565, 29, 'Marche - Ascoli Piceno'),
(566, 29, 'Marche - Macerata'),
(567, 29, 'Marche - Pesaro - Urbino'),
(568, 29, 'Lazio - Roma'),
(569, 29, 'Lazio - Frosinone'),
(570, 29, 'Lazio - Latina'),
(571, 29, 'Lazio - Rieti'),
(572, 29, 'Lazio - Viterbo'),
(573, 29, 'Abruzzo - L´Aquila'),
(574, 29, 'Abruzzo - Chieti'),
(575, 29, 'Abruzzo - Pescara'),
(576, 29, 'Abruzzo - Teramo'),
(577, 29, 'Molise - Campobasso'),
(578, 29, 'Molise - Isernia'),
(579, 29, 'Campania - Napoli'),
(580, 29, 'Campania - Avellino'),
(581, 29, 'Campania - Benevento'),
(582, 29, 'Campania - Caserta'),
(583, 29, 'Campania - Salerno'),
(584, 29, 'Puglia - Bari'),
(585, 29, 'Puglia - Brindisi'),
(586, 29, 'Puglia - Foggia'),
(587, 29, 'Puglia - Lecce'),
(588, 29, 'Puglia - Taranto'),
(589, 29, 'Basilicata - Potenza'),
(590, 29, 'Basilicata - Matera'),
(591, 29, 'Calabria - Catanzaro'),
(592, 29, 'Calabria - Cosenza'),
(593, 29, 'Calabria - Crotone'),
(594, 29, 'Calabria - Reggio Calabria'),
(595, 29, 'Calabria - Vibo Valentia'),
(596, 29, 'Sicilia - Palermo'),
(597, 29, 'Sicilia - Agrigento'),
(598, 29, 'Sicilia - Caltanissetta'),
(599, 29, 'Sicilia - Catania'),
(600, 29, 'Sicilia - Enna'),
(601, 29, 'Sicilia - Messina'),
(602, 29, 'Sicilia - Ragusa'),
(603, 29, 'Sicilia - Siracusa'),
(604, 29, 'Sicilia - Trapani'),
(605, 29, 'Sardegna - Cagliari'),
(606, 29, 'Sardegna - Nuoro'),
(607, 29, 'Sardegna - Oristano'),
(608, 29, 'Sardegna - Sassari'),
(609, 28, 'Las Palmas'),
(610, 28, 'Soria'),
(611, 28, 'Palencia'),
(612, 28, 'Zamora'),
(613, 28, 'C&aacute;diz'),
(614, 28, 'Navarra'),
(615, 28, 'Ourense'),
(616, 28, 'Segovia'),
(617, 28, 'Guip&uacute;zcoa'),
(618, 28, 'Ciudad Real'),
(619, 28, 'Vizcaya'),
(620, 28, '&aacute;lava'),
(621, 28, 'A Coru&ntilde;a'),
(622, 28, 'Cantabria'),
(623, 28, 'Almer&iacute;a'),
(624, 28, 'Zaragoza'),
(625, 28, 'Santa Cruz de Tenerife'),
(626, 28, 'C&aacute;ceres'),
(627, 28, 'Guadalajara'),
(628, 28, '&aacute;vila'),
(629, 28, 'Toledo'),
(630, 28, 'Castell&oacute;n'),
(631, 28, 'Tarragona'),
(632, 28, 'Lugo'),
(633, 28, 'La Rioja'),
(634, 28, 'Ceuta'),
(635, 28, 'Murcia'),
(636, 28, 'Salamanca'),
(637, 28, 'Valladolid'),
(638, 28, 'Ja&eacute;n'),
(639, 28, 'Girona'),
(640, 28, 'Granada'),
(641, 28, 'Alacant'),
(642, 28, 'C&oacute;rdoba'),
(643, 28, 'Albacete'),
(644, 28, 'Cuenca'),
(645, 28, 'Pontevedra'),
(646, 28, 'Teruel'),
(647, 28, 'Melilla'),
(648, 28, 'Barcelona'),
(649, 28, 'Badajoz'),
(650, 28, 'Madrid'),
(651, 28, 'Sevilla'),
(652, 28, 'Val&egrave;ncia'),
(653, 28, 'Huelva'),
(654, 28, 'Lleida'),
(655, 28, 'Le&oacute;n'),
(656, 28, 'Illes Balears'),
(657, 28, 'Burgos'),
(658, 28, 'Huesca'),
(659, 28, 'Asturias'),
(660, 28, 'M&aacute;laga'),
(661, 144, 'Afghanistan'),
(662, 210, 'Niger'),
(663, 133, 'Mali'),
(664, 156, 'Burkina Faso'),
(665, 136, 'Togo'),
(666, 151, 'Benin'),
(667, 119, 'Angola'),
(668, 102, 'Namibia'),
(669, 100, 'Botswana'),
(670, 134, 'Madagascar'),
(671, 202, 'Mauritius'),
(672, 196, 'Laos'),
(673, 158, 'Cambodia'),
(674, 90, 'Philippines'),
(675, 88, 'Papua New Guinea'),
(676, 228, 'Solomon Islands'),
(677, 240, 'Vanuatu'),
(678, 176, 'Fiji'),
(679, 223, 'Samoa'),
(680, 206, 'Nauru'),
(681, 168, 'Cote D&#039;Ivoire'),
(682, 198, 'Liberia'),
(683, 187, 'Guinea'),
(684, 189, 'Guyana'),
(685, 98, 'Algeria'),
(686, 147, 'Antigua and Barbuda'),
(687, 127, 'Bahrain'),
(688, 149, 'Bangladesh'),
(689, 128, 'Barbados'),
(690, 152, 'Bhutan'),
(691, 155, 'Brunei'),
(692, 157, 'Burundi'),
(693, 159, 'Cape Verde'),
(694, 130, 'Chad'),
(695, 164, 'Comoros'),
(696, 112, 'Congo (Brazzaville)'),
(697, 169, 'Djibouti'),
(698, 171, 'East Timor'),
(699, 173, 'Eritrea'),
(700, 121, 'Ethiopia'),
(701, 180, 'Gabon'),
(702, 181, 'Gambia'),
(703, 105, 'Ghana'),
(704, 197, 'Lesotho'),
(705, 125, 'Malawi'),
(706, 200, 'Maldives'),
(707, 205, 'Myanmar (Burma)'),
(708, 107, 'Nepal'),
(709, 213, 'Oman'),
(710, 217, 'Rwanda'),
(711, 91, 'Saudi Arabia'),
(712, 120, 'Sri Lanka'),
(713, 232, 'Sudan'),
(714, 234, 'Swaziland'),
(715, 101, 'Tanzania'),
(716, 236, 'Tonga'),
(717, 239, 'Tuvalu'),
(718, 242, 'Western Sahara'),
(719, 243, 'Yemen'),
(720, 116, 'Zambia'),
(721, 96, 'Zimbabwe'),
(722, 66, 'Aargau'),
(723, 66, 'Appenzell Innerrhoden'),
(724, 66, 'Appenzell Ausserrhoden'),
(725, 66, 'Bern'),
(726, 66, 'Basel-Landschaft'),
(727, 66, 'Basel-Stadt'),
(728, 66, 'Fribourg'),
(729, 66, 'Gen&egrave;ve'),
(730, 66, 'Glarus'),
(731, 66, 'Graub&uuml;nden'),
(732, 66, 'Jura'),
(733, 66, 'Luzern'),
(734, 66, 'Neuch&acirc;tel'),
(735, 66, 'Nidwalden'),
(736, 66, 'Obwalden'),
(737, 66, 'Sankt Gallen'),
(738, 66, 'Schaffhausen'),
(739, 66, 'Solothurn'),
(740, 66, 'Schwyz'),
(741, 66, 'Thurgau'),
(742, 66, 'Ticino'),
(743, 66, 'Uri'),
(744, 66, 'Vaud'),
(745, 66, 'Valais'),
(746, 66, 'Zug'),
(747, 66, 'Z&uuml;rich'),
(749, 48, 'Aveiro'),
(750, 48, 'Beja'),
(751, 48, 'Braga'),
(752, 48, 'Braganca'),
(753, 48, 'Castelo Branco'),
(754, 48, 'Coimbra'),
(755, 48, 'Evora'),
(756, 48, 'Faro'),
(757, 48, 'Madeira'),
(758, 48, 'Guarda'),
(759, 48, 'Leiria'),
(760, 48, 'Lisboa'),
(761, 48, 'Portalegre'),
(762, 48, 'Porto'),
(763, 48, 'Santarem'),
(764, 48, 'Setubal'),
(765, 48, 'Viana do Castelo'),
(766, 48, 'Vila Real'),
(767, 48, 'Viseu'),
(768, 48, 'Azores'),
(769, 55, 'Armed Forces Americas'),
(770, 55, 'Armed Forces Europe'),
(771, 55, 'Alaska'),
(772, 55, 'Alabama'),
(773, 55, 'Armed Forces Pacific'),
(774, 55, 'Arkansas'),
(775, 55, 'American Samoa'),
(776, 55, 'Arizona'),
(777, 55, 'California'),
(778, 55, 'Colorado'),
(779, 55, 'Connecticut'),
(780, 55, 'District of Columbia'),
(781, 55, 'Delaware'),
(782, 55, 'Florida'),
(783, 55, 'Federated States of Micronesia'),
(784, 55, 'Georgia'),
(786, 55, 'Hawaii'),
(787, 55, 'Iowa'),
(788, 55, 'Idaho'),
(789, 55, 'Illinois'),
(790, 55, 'Indiana'),
(791, 55, 'Kansas'),
(792, 55, 'Kentucky'),
(793, 55, 'Louisiana'),
(794, 55, 'Massachusetts'),
(795, 55, 'Maryland'),
(796, 55, 'Maine'),
(797, 55, 'Marshall Islands'),
(798, 55, 'Michigan'),
(799, 55, 'Minnesota'),
(800, 55, 'Missouri'),
(801, 55, 'Northern Mariana Islands'),
(802, 55, 'Mississippi'),
(803, 55, 'Montana'),
(804, 55, 'North Carolina'),
(805, 55, 'North Dakota'),
(806, 55, 'Nebraska'),
(807, 55, 'New Hampshire'),
(808, 55, 'New Jersey'),
(809, 55, 'New Mexico'),
(810, 55, 'Nevada'),
(811, 55, 'New York'),
(812, 55, 'Ohio'),
(813, 55, 'Oklahoma'),
(814, 55, 'Oregon'),
(815, 55, 'Pennsylvania'),
(816, 246, 'Puerto Rico'),
(817, 55, 'Palau'),
(818, 55, 'Rhode Island'),
(819, 55, 'South Carolina'),
(820, 55, 'South Dakota'),
(821, 55, 'Tennessee'),
(822, 55, 'Texas'),
(823, 55, 'Utah'),
(824, 55, 'Virginia'),
(825, 55, 'Virgin Islands'),
(826, 55, 'Vermont'),
(827, 55, 'Washington'),
(828, 55, 'West Virginia'),
(829, 55, 'Wisconsin'),
(830, 55, 'Wyoming'),
(831, 94, 'Greenland'),
(832, 18, 'Brandenburg'),
(833, 18, 'Baden-W&uuml;rttemberg'),
(834, 18, 'Bayern'),
(835, 18, 'Hessen'),
(836, 18, 'Hamburg'),
(837, 18, 'Mecklenburg-Vorpommern'),
(838, 18, 'Niedersachsen'),
(839, 18, 'Nordrhein-Westfalen'),
(840, 18, 'Rheinland-Pfalz'),
(841, 18, 'Schleswig-Holstein'),
(842, 18, 'Sachsen'),
(843, 18, 'Sachsen-Anhalt'),
(844, 18, 'Th&uuml;ringen'),
(845, 18, 'Berlin'),
(846, 18, 'Bremen'),
(847, 18, 'Saarland'),
(848, 13, 'Scotland North'),
(849, 13, 'England - East'),
(850, 13, 'England - West Midlands'),
(851, 13, 'England - South West'),
(852, 13, 'England - North West'),
(853, 13, 'England - Yorks &amp; Humber'),
(854, 13, 'England - South East'),
(855, 13, 'England - London'),
(856, 13, 'Northern Ireland'),
(857, 13, 'England - North East'),
(858, 13, 'Wales South'),
(859, 13, 'Wales North'),
(860, 13, 'England - East Midlands'),
(861, 13, 'Scotland Central'),
(862, 13, 'Scotland South'),
(863, 13, 'Channel Islands'),
(864, 13, 'Isle of Man'),
(865, 2, 'Burgenland'),
(866, 2, 'K&auml;rnten'),
(867, 2, 'Nieder&ouml;sterreich'),
(868, 2, 'Ober&ouml;sterreich'),
(869, 2, 'Salzburg'),
(870, 2, 'Steiermark'),
(871, 2, 'Tirol'),
(872, 2, 'Vorarlberg'),
(873, 2, 'Wien'),
(874, 9, 'Bruxelles'),
(875, 9, 'West-Vlaanderen'),
(876, 9, 'Oost-Vlaanderen'),
(877, 9, 'Limburg'),
(878, 9, 'Vlaams Brabant'),
(879, 9, 'Antwerpen'),
(880, 9, 'Li&Auml; ge'),
(881, 9, 'Namur'),
(882, 9, 'Hainaut'),
(883, 9, 'Luxembourg'),
(884, 9, 'Brabant Wallon'),
(887, 67, 'Blekinge Lan'),
(888, 67, 'Gavleborgs Lan'),
(890, 67, 'Gotlands Lan'),
(891, 67, 'Hallands Lan'),
(892, 67, 'Jamtlands Lan'),
(893, 67, 'Jonkopings Lan'),
(894, 67, 'Kalmar Lan'),
(895, 67, 'Dalarnas Lan'),
(897, 67, 'Kronobergs Lan'),
(899, 67, 'Norrbottens Lan'),
(900, 67, 'Orebro Lan'),
(901, 67, 'Ostergotlands Lan'),
(903, 67, 'Sodermanlands Lan'),
(904, 67, 'Uppsala Lan'),
(905, 67, 'Varmlands Lan'),
(906, 67, 'Vasterbottens Lan'),
(907, 67, 'Vasternorrlands Lan'),
(908, 67, 'Vastmanlands Lan'),
(909, 67, 'Stockholms Lan'),
(910, 67, 'Skane Lan'),
(911, 67, 'Vastra Gotaland'),
(913, 46, 'Akershus'),
(914, 46, 'Aust-Agder'),
(915, 46, 'Buskerud'),
(916, 46, 'Finnmark'),
(917, 46, 'Hedmark'),
(918, 46, 'Hordaland'),
(919, 46, 'More og Romsdal'),
(920, 46, 'Nordland'),
(921, 46, 'Nord-Trondelag'),
(922, 46, 'Oppland'),
(923, 46, 'Oslo'),
(924, 46, 'Ostfold'),
(925, 46, 'Rogaland'),
(926, 46, 'Sogn og Fjordane'),
(927, 46, 'Sor-Trondelag'),
(928, 46, 'Telemark'),
(929, 46, 'Troms'),
(930, 46, 'Vest-Agder'),
(931, 46, 'Vestfold'),
(933, 63, '&ETH;&bull;land'),
(934, 63, 'Lapland'),
(935, 63, 'Oulu'),
(936, 63, 'Southern Finland'),
(937, 63, 'Eastern Finland'),
(938, 63, 'Western Finland'),
(940, 22, 'Arhus'),
(941, 22, 'Bornholm'),
(942, 22, 'Frederiksborg'),
(943, 22, 'Fyn'),
(944, 22, 'Kobenhavn'),
(945, 22, 'Staden Kobenhavn'),
(946, 22, 'Nordjylland'),
(947, 22, 'Ribe'),
(948, 22, 'Ringkobing'),
(949, 22, 'Roskilde'),
(950, 22, 'Sonderjylland'),
(951, 22, 'Storstrom'),
(952, 22, 'Vejle'),
(953, 22, 'Vestsjalland'),
(954, 22, 'Viborg'),
(956, 65, 'Hlavni Mesto Praha'),
(957, 65, 'Jihomoravsky Kraj'),
(958, 65, 'Jihocesky Kraj'),
(959, 65, 'Vysocina'),
(960, 65, 'Karlovarsky Kraj'),
(961, 65, 'Kralovehradecky Kraj'),
(962, 65, 'Liberecky Kraj'),
(963, 65, 'Olomoucky Kraj'),
(964, 65, 'Moravskoslezsky Kraj'),
(965, 65, 'Pardubicky Kraj'),
(966, 65, 'Plzensky Kraj'),
(967, 65, 'Stredocesky Kraj'),
(968, 65, 'Ustecky Kraj'),
(969, 65, 'Zlinsky Kraj'),
(971, 114, 'Berat'),
(972, 114, 'Diber'),
(973, 114, 'Durres'),
(974, 114, 'Elbasan'),
(975, 114, 'Fier'),
(976, 114, 'Gjirokaster'),
(977, 114, 'Korce'),
(978, 114, 'Kukes'),
(979, 114, 'Lezhe'),
(980, 114, 'Shkoder'),
(981, 114, 'Tirane'),
(982, 114, 'Vlore'),
(984, 145, 'Canillo'),
(985, 145, 'Encamp'),
(986, 145, 'La Massana'),
(987, 145, 'Ordino'),
(988, 145, 'Sant Julia de Loria'),
(989, 145, 'Andorra la Vella'),
(990, 145, 'Escaldes-Engordany'),
(992, 6, 'Aragatsotn'),
(993, 6, 'Ararat'),
(994, 6, 'Armavir'),
(995, 6, 'Geghark&#039;unik&#039;'),
(996, 6, 'Kotayk&#039;'),
(997, 6, 'Lorri'),
(998, 6, 'Shirak'),
(999, 6, 'Syunik&#039;'),
(1000, 6, 'Tavush'),
(1001, 6, 'Vayots&#039; Dzor'),
(1002, 6, 'Yerevan'),
(1004, 79, 'Federation of Bosnia and Herzegovina'),
(1005, 79, 'Republika Srpska'),
(1007, 11, 'Mikhaylovgrad'),
(1008, 11, 'Blagoevgrad'),
(1009, 11, 'Burgas'),
(1010, 11, 'Dobrich'),
(1011, 11, 'Gabrovo'),
(1012, 11, 'Grad Sofiya'),
(1013, 11, 'Khaskovo'),
(1014, 11, 'Kurdzhali'),
(1015, 11, 'Kyustendil'),
(1016, 11, 'Lovech'),
(1017, 11, 'Montana'),
(1018, 11, 'Pazardzhik'),
(1019, 11, 'Pernik'),
(1020, 11, 'Pleven'),
(1021, 11, 'Plovdiv'),
(1022, 11, 'Razgrad'),
(1023, 11, 'Ruse'),
(1024, 11, 'Shumen'),
(1025, 11, 'Silistra'),
(1026, 11, 'Sliven'),
(1027, 11, 'Smolyan'),
(1028, 11, 'Sofiya'),
(1029, 11, 'Stara Zagora'),
(1030, 11, 'Turgovishte'),
(1031, 11, 'Varna'),
(1032, 11, 'Veliko Turnovo'),
(1033, 11, 'Vidin'),
(1034, 11, 'Vratsa'),
(1035, 11, 'Yambol'),
(1037, 71, 'Bjelovarsko-Bilogorska'),
(1038, 71, 'Brodsko-Posavska'),
(1039, 71, 'Dubrovacko-Neretvanska'),
(1040, 71, 'Istarska'),
(1041, 71, 'Karlovacka'),
(1042, 71, 'Koprivnicko-Krizevacka'),
(1043, 71, 'Krapinsko-Zagorska'),
(1044, 71, 'Licko-Senjska'),
(1045, 71, 'Medimurska'),
(1046, 71, 'Osjecko-Baranjska'),
(1047, 71, 'Pozesko-Slavonska'),
(1048, 71, 'Primorsko-Goranska'),
(1049, 71, 'Sibensko-Kninska'),
(1050, 71, 'Sisacko-Moslavacka'),
(1051, 71, 'Splitsko-Dalmatinska'),
(1052, 71, 'Varazdinska'),
(1053, 71, 'Viroviticko-Podravska'),
(1054, 71, 'Vukovarsko-Srijemska'),
(1055, 71, 'Zadarska'),
(1056, 71, 'Zagrebacka'),
(1057, 71, 'Grad Zagreb'),
(1059, 143, 'Gibraltar'),
(1060, 20, 'Evros'),
(1061, 20, 'Rodhopi'),
(1062, 20, 'Xanthi'),
(1063, 20, 'Drama'),
(1064, 20, 'Serrai'),
(1065, 20, 'Kilkis'),
(1066, 20, 'Pella'),
(1067, 20, 'Florina'),
(1068, 20, 'Kastoria'),
(1069, 20, 'Grevena'),
(1070, 20, 'Kozani'),
(1071, 20, 'Imathia'),
(1072, 20, 'Thessaloniki'),
(1073, 20, 'Kavala'),
(1074, 20, 'Khalkidhiki'),
(1075, 20, 'Pieria'),
(1076, 20, 'Ioannina'),
(1077, 20, 'Thesprotia'),
(1078, 20, 'Preveza'),
(1079, 20, 'Arta'),
(1080, 20, 'Larisa'),
(1081, 20, 'Trikala'),
(1082, 20, 'Kardhitsa'),
(1083, 20, 'Magnisia'),
(1084, 20, 'Kerkira'),
(1085, 20, 'Levkas'),
(1086, 20, 'Kefallinia'),
(1087, 20, 'Zakinthos'),
(1088, 20, 'Fthiotis'),
(1089, 20, 'Evritania'),
(1090, 20, 'Aitolia kai Akarnania'),
(1091, 20, 'Fokis'),
(1092, 20, 'Voiotia'),
(1093, 20, 'Evvoia'),
(1094, 20, 'Attiki'),
(1095, 20, 'Argolis'),
(1096, 20, 'Korinthia'),
(1097, 20, 'Akhaia'),
(1098, 20, 'Ilia'),
(1099, 20, 'Messinia'),
(1100, 20, 'Arkadhia'),
(1101, 20, 'Lakonia'),
(1102, 20, 'Khania'),
(1103, 20, 'Rethimni'),
(1104, 20, 'Iraklion'),
(1105, 20, 'Lasithi'),
(1106, 20, 'Dhodhekanisos'),
(1107, 20, 'Samos'),
(1108, 20, 'Kikladhes'),
(1109, 20, 'Khios'),
(1110, 20, 'Lesvos'),
(1112, 14, 'Bacs-Kiskun'),
(1113, 14, 'Baranya'),
(1114, 14, 'Bekes'),
(1115, 14, 'Borsod-Abauj-Zemplen'),
(1116, 14, 'Budapest'),
(1117, 14, 'Csongrad'),
(1118, 14, 'Debrecen'),
(1119, 14, 'Fejer'),
(1120, 14, 'Gyor-Moson-Sopron'),
(1121, 14, 'Hajdu-Bihar'),
(1122, 14, 'Heves'),
(1123, 14, 'Komarom-Esztergom'),
(1124, 14, 'Miskolc'),
(1125, 14, 'Nograd'),
(1126, 14, 'Pecs'),
(1127, 14, 'Pest'),
(1128, 14, 'Somogy'),
(1129, 14, 'Szabolcs-Szatmar-Bereg'),
(1130, 14, 'Szeged'),
(1131, 14, 'Jasz-Nagykun-Szolnok'),
(1132, 14, 'Tolna'),
(1133, 14, 'Vas'),
(1134, 14, 'Veszprem'),
(1135, 14, 'Zala'),
(1136, 14, 'Gyor'),
(1150, 14, 'Veszprem'),
(1152, 126, 'Balzers'),
(1153, 126, 'Eschen'),
(1154, 126, 'Gamprin'),
(1155, 126, 'Mauren'),
(1156, 126, 'Planken'),
(1157, 126, 'Ruggell'),
(1158, 126, 'Schaan'),
(1159, 126, 'Schellenberg'),
(1160, 126, 'Triesen'),
(1161, 126, 'Triesenberg'),
(1162, 126, 'Vaduz'),
(1163, 41, 'Diekirch'),
(1164, 41, 'Grevenmacher'),
(1165, 41, 'Luxembourg'),
(1167, 85, 'Aracinovo'),
(1168, 85, 'Bac'),
(1169, 85, 'Belcista'),
(1170, 85, 'Berovo'),
(1171, 85, 'Bistrica'),
(1172, 85, 'Bitola'),
(1173, 85, 'Blatec'),
(1174, 85, 'Bogdanci'),
(1175, 85, 'Bogomila'),
(1176, 85, 'Bogovinje'),
(1177, 85, 'Bosilovo'),
(1179, 85, 'Cair'),
(1180, 85, 'Capari'),
(1181, 85, 'Caska'),
(1182, 85, 'Cegrane'),
(1184, 85, 'Centar Zupa'),
(1187, 85, 'Debar'),
(1188, 85, 'Delcevo'),
(1190, 85, 'Demir Hisar'),
(1191, 85, 'Demir Kapija'),
(1195, 85, 'Dorce Petrov'),
(1198, 85, 'Gazi Baba'),
(1199, 85, 'Gevgelija'),
(1200, 85, 'Gostivar'),
(1201, 85, 'Gradsko'),
(1204, 85, 'Jegunovce'),
(1205, 85, 'Kamenjane'),
(1207, 85, 'Karpos'),
(1208, 85, 'Kavadarci'),
(1209, 85, 'Kicevo'),
(1210, 85, 'Kisela Voda'),
(1211, 85, 'Klecevce'),
(1212, 85, 'Kocani'),
(1214, 85, 'Kondovo'),
(1217, 85, 'Kratovo'),
(1219, 85, 'Krivogastani'),
(1220, 85, 'Krusevo'),
(1223, 85, 'Kumanovo'),
(1224, 85, 'Labunista'),
(1225, 85, 'Lipkovo'),
(1228, 85, 'Makedonska Kamenica'),
(1229, 85, 'Makedonski Brod'),
(1234, 85, 'Murtino'),
(1235, 85, 'Negotino'),
(1238, 85, 'Novo Selo'),
(1240, 85, 'Ohrid'),
(1242, 85, 'Orizari'),
(1245, 85, 'Petrovec'),
(1248, 85, 'Prilep'),
(1249, 85, 'Probistip'),
(1250, 85, 'Radovis'),
(1252, 85, 'Resen'),
(1253, 85, 'Rosoman'),
(1256, 85, 'Saraj'),
(1260, 85, 'Srbinovo'),
(1262, 85, 'Star Dojran'),
(1264, 85, 'Stip'),
(1265, 85, 'Struga'),
(1266, 85, 'Strumica'),
(1267, 85, 'Studenicani'),
(1268, 85, 'Suto Orizari'),
(1269, 85, 'Sveti Nikole'),
(1270, 85, 'Tearce'),
(1271, 85, 'Tetovo'),
(1273, 85, 'Valandovo'),
(1275, 85, 'Veles'),
(1277, 85, 'Vevcani'),
(1278, 85, 'Vinica'),
(1281, 85, 'Vrapciste'),
(1286, 85, 'Zelino'),
(1289, 85, 'Zrnovci'),
(1291, 86, 'Malta'),
(1292, 44, 'La Condamine'),
(1293, 44, 'Monaco'),
(1294, 44, 'Monte-Carlo'),
(1295, 47, 'Biala Podlaska'),
(1296, 47, 'Bialystok'),
(1297, 47, 'Bielsko'),
(1298, 47, 'Bydgoszcz'),
(1299, 47, 'Chelm'),
(1300, 47, 'Ciechanow'),
(1301, 47, 'Czestochowa'),
(1302, 47, 'Elblag'),
(1303, 47, 'Gdansk'),
(1304, 47, 'Gorzow'),
(1305, 47, 'Jelenia Gora'),
(1306, 47, 'Kalisz'),
(1307, 47, 'Katowice'),
(1308, 47, 'Kielce'),
(1309, 47, 'Konin'),
(1310, 47, 'Koszalin'),
(1311, 47, 'Krakow'),
(1312, 47, 'Krosno'),
(1313, 47, 'Legnica'),
(1314, 47, 'Leszno'),
(1315, 47, 'Lodz'),
(1316, 47, 'Lomza'),
(1317, 47, 'Lublin'),
(1318, 47, 'Nowy Sacz'),
(1319, 47, 'Olsztyn'),
(1320, 47, 'Opole'),
(1321, 47, 'Ostroleka'),
(1322, 47, 'Pila'),
(1323, 47, 'Piotrkow'),
(1324, 47, 'Plock'),
(1325, 47, 'Poznan'),
(1326, 47, 'Przemysl'),
(1327, 47, 'Radom'),
(1328, 47, 'Rzeszow'),
(1329, 47, 'Siedlce'),
(1330, 47, 'Sieradz'),
(1331, 47, 'Skierniewice'),
(1332, 47, 'Slupsk'),
(1333, 47, 'Suwalki'),
(1335, 47, 'Tarnobrzeg'),
(1336, 47, 'Tarnow'),
(1337, 47, 'Torun'),
(1338, 47, 'Walbrzych'),
(1339, 47, 'Warszawa'),
(1340, 47, 'Wloclawek'),
(1341, 47, 'Wroclaw'),
(1342, 47, 'Zamosc'),
(1343, 47, 'Zielona Gora'),
(1344, 47, 'Dolnoslaskie'),
(1345, 47, 'Kujawsko-Pomorskie'),
(1346, 47, 'Lodzkie'),
(1347, 47, 'Lubelskie'),
(1348, 47, 'Lubuskie'),
(1349, 47, 'Malopolskie'),
(1350, 47, 'Mazowieckie'),
(1351, 47, 'Opolskie'),
(1352, 47, 'Podkarpackie'),
(1353, 47, 'Podlaskie'),
(1354, 47, 'Pomorskie'),
(1355, 47, 'Slaskie'),
(1356, 47, 'Swietokrzyskie'),
(1357, 47, 'Warminsko-Mazurskie'),
(1358, 47, 'Wielkopolskie'),
(1359, 47, 'Zachodniopomorskie'),
(1361, 72, 'Alba'),
(1362, 72, 'Arad'),
(1363, 72, 'Arges'),
(1364, 72, 'Bacau'),
(1365, 72, 'Bihor'),
(1366, 72, 'Bistrita-Nasaud'),
(1367, 72, 'Botosani'),
(1368, 72, 'Braila'),
(1369, 72, 'Brasov'),
(1370, 72, 'Bucuresti'),
(1371, 72, 'Buzau'),
(1372, 72, 'Caras-Severin'),
(1373, 72, 'Cluj'),
(1374, 72, 'Constanta'),
(1375, 72, 'Covasna'),
(1376, 72, 'Dambovita'),
(1377, 72, 'Dolj'),
(1378, 72, 'Galati'),
(1379, 72, 'Gorj'),
(1380, 72, 'Harghita'),
(1381, 72, 'Hunedoara'),
(1382, 72, 'Ialomita'),
(1383, 72, 'Iasi'),
(1384, 72, 'Maramures'),
(1385, 72, 'Mehedinti'),
(1386, 72, 'Mures'),
(1387, 72, 'Neamt'),
(1388, 72, 'Olt'),
(1389, 72, 'Prahova'),
(1390, 72, 'Salaj'),
(1391, 72, 'Satu Mare'),
(1392, 72, 'Sibiu'),
(1393, 72, 'Suceava'),
(1394, 72, 'Teleorman'),
(1395, 72, 'Timis'),
(1396, 72, 'Tulcea'),
(1397, 72, 'Vaslui'),
(1398, 72, 'Valcea'),
(1399, 72, 'Vrancea'),
(1400, 72, 'Calarasi'),
(1401, 72, 'Giurgiu'),
(1404, 224, 'Acquaviva'),
(1405, 224, 'Chiesanuova'),
(1406, 224, 'Domagnano'),
(1407, 224, 'Faetano'),
(1408, 224, 'Fiorentino'),
(1409, 224, 'Borgo Maggiore'),
(1410, 224, 'San Marino'),
(1411, 224, 'Monte Giardino'),
(1412, 224, 'Serravalle'),
(1413, 52, 'Banska Bystrica'),
(1414, 52, 'Bratislava'),
(1415, 52, 'Kosice'),
(1416, 52, 'Nitra'),
(1417, 52, 'Presov'),
(1418, 52, 'Trencin'),
(1419, 52, 'Trnava'),
(1420, 52, 'Zilina'),
(1423, 53, 'Beltinci'),
(1425, 53, 'Bohinj'),
(1426, 53, 'Borovnica'),
(1427, 53, 'Bovec'),
(1428, 53, 'Brda'),
(1429, 53, 'Brezice'),
(1430, 53, 'Brezovica'),
(1432, 53, 'Cerklje na Gorenjskem'),
(1434, 53, 'Cerkno'),
(1436, 53, 'Crna na Koroskem'),
(1437, 53, 'Crnomelj'),
(1438, 53, 'Divaca'),
(1439, 53, 'Dobrepolje'),
(1440, 53, 'Dol pri Ljubljani'),
(1443, 53, 'Duplek'),
(1447, 53, 'Gornji Grad'),
(1450, 53, 'Hrastnik'),
(1451, 53, 'Hrpelje-Kozina'),
(1452, 53, 'Idrija'),
(1453, 53, 'Ig'),
(1454, 53, 'Ilirska Bistrica'),
(1455, 53, 'Ivancna Gorica'),
(1462, 53, 'Komen'),
(1463, 53, 'Koper-Capodistria'),
(1464, 53, 'Kozje'),
(1465, 53, 'Kranj'),
(1466, 53, 'Kranjska Gora'),
(1467, 53, 'Krsko'),
(1469, 53, 'Lasko'),
(1470, 53, 'Ljubljana'),
(1471, 53, 'Ljubno'),
(1472, 53, 'Logatec'),
(1475, 53, 'Medvode'),
(1476, 53, 'Menges'),
(1478, 53, 'Mezica'),
(1480, 53, 'Moravce'),
(1482, 53, 'Mozirje'),
(1483, 53, 'Murska Sobota'),
(1487, 53, 'Nova Gorica'),
(1489, 53, 'Ormoz'),
(1491, 53, 'Pesnica'),
(1494, 53, 'Postojna'),
(1497, 53, 'Radece'),
(1498, 53, 'Radenci'),
(1500, 53, 'Radovljica'),
(1502, 53, 'Rogaska Slatina'),
(1505, 53, 'Sencur'),
(1506, 53, 'Sentilj'),
(1508, 53, 'Sevnica'),
(1509, 53, 'Sezana'),
(1511, 53, 'Skofja Loka'),
(1513, 53, 'Slovenj Gradec'),
(1514, 53, 'Slovenske Konjice'),
(1515, 53, 'Smarje pri Jelsah'),
(1521, 53, 'Tolmin'),
(1522, 53, 'Trbovlje'),
(1524, 53, 'Trzic'),
(1526, 53, 'Velenje'),
(1528, 53, 'Vipava'),
(1531, 53, 'Vrhnika'),
(1532, 53, 'Vuzenica'),
(1533, 53, 'Zagorje ob Savi'),
(1535, 53, 'Zelezniki'),
(1536, 53, 'Ziri'),
(1537, 53, 'Zrece'),
(1539, 53, 'Domzale'),
(1540, 53, 'Jesenice'),
(1541, 53, 'Kamnik'),
(1542, 53, 'Kocevje'),
(1544, 53, 'Lenart'),
(1545, 53, 'Litija'),
(1546, 53, 'Ljutomer'),
(1550, 53, 'Maribor'),
(1552, 53, 'Novo Mesto'),
(1553, 53, 'Piran'),
(1554, 53, 'Preddvor'),
(1555, 53, 'Ptuj'),
(1556, 53, 'Ribnica'),
(1558, 53, 'Sentjur pri Celju'),
(1559, 53, 'Slovenska Bistrica'),
(1560, 53, 'Videm'),
(1562, 53, 'Zalec'),
(1564, 109, 'Seychelles'),
(1565, 108, 'Mauritania'),
(1566, 135, 'Senegal'),
(1567, 154, 'Road Town'),
(1568, 165, 'Congo'),
(1569, 166, 'Avarua'),
(1570, 172, 'Malabo'),
(1571, 175, 'Torshavn'),
(1572, 178, 'Papeete'),
(1573, 184, 'St George&#039;s'),
(1574, 186, 'St Peter Port'),
(1575, 188, 'Bissau'),
(1576, 193, 'Saint Helier'),
(1577, 201, 'Fort-de-France'),
(1578, 207, 'Willemstad'),
(1579, 208, 'Noumea'),
(1580, 212, 'Kingston'),
(1581, 215, 'Adamstown'),
(1582, 216, 'Doha'),
(1583, 218, 'Jamestown'),
(1584, 219, 'Basseterre'),
(1585, 220, 'Castries'),
(1586, 221, 'Saint Pierre'),
(1587, 222, 'Kingstown'),
(1588, 225, 'San Tome'),
(1589, 226, 'Belgrade'),
(1590, 227, 'Freetown'),
(1591, 229, 'Mogadishu'),
(1592, 235, 'Fakaofo'),
(1593, 237, 'Port of Spain'),
(1594, 241, 'Mata-Utu'),
(1596, 89, 'Amazonas'),
(1597, 89, 'Ancash'),
(1598, 89, 'Apur&iacute;mac'),
(1599, 89, 'Arequipa'),
(1600, 89, 'Ayacucho'),
(1601, 89, 'Cajamarca'),
(1602, 89, 'Callao'),
(1603, 89, 'Cusco'),
(1604, 89, 'Huancavelica'),
(1605, 89, 'Hu&aacute;nuco'),
(1606, 89, 'Ica'),
(1607, 89, 'Jun&iacute;n'),
(1608, 89, 'La Libertad'),
(1609, 89, 'Lambayeque'),
(1610, 89, 'Lima'),
(1611, 89, 'Loreto'),
(1612, 89, 'Madre de Dios'),
(1613, 89, 'Moquegua'),
(1614, 89, 'Pasco'),
(1615, 89, 'Piura'),
(1616, 89, 'Puno'),
(1617, 89, 'San Mart&iacute;n'),
(1618, 89, 'Tacna'),
(1619, 89, 'Tumbes'),
(1620, 89, 'Ucayali'),
(1622, 110, 'Alto Paran&aacute;'),
(1623, 110, 'Amambay'),
(1624, 110, 'Boquer&oacute;n'),
(1625, 110, 'Caaguaz&uacute;'),
(1626, 110, 'Caazap&aacute;'),
(1627, 110, 'Central'),
(1628, 110, 'Concepci&oacute;n'),
(1629, 110, 'Cordillera'),
(1630, 110, 'Guair&aacute;'),
(1631, 110, 'Itap&uacute;a'),
(1632, 110, 'Misiones'),
(1633, 110, 'Neembuc&uacute;'),
(1634, 110, 'Paraguar&iacute;'),
(1635, 110, 'Presidente Hayes'),
(1636, 110, 'San Pedro'),
(1637, 110, 'Alto Paraguay'),
(1638, 110, 'Canindey&uacute;'),
(1639, 110, 'Chaco'),
(1642, 111, 'Artigas'),
(1643, 111, 'Canelones'),
(1644, 111, 'Cerro Largo'),
(1645, 111, 'Colonia'),
(1646, 111, 'Durazno'),
(1647, 111, 'Flores'),
(1648, 111, 'Florida'),
(1649, 111, 'Lavalleja'),
(1650, 111, 'Maldonado'),
(1651, 111, 'Montevideo'),
(1652, 111, 'Paysand&uacute;'),
(1653, 111, 'R&iacute;o Negro'),
(1654, 111, 'Rivera'),
(1655, 111, 'Rocha'),
(1656, 111, 'Salto'),
(1657, 111, 'San Jos&eacute;'),
(1658, 111, 'Soriano'),
(1659, 111, 'Tacuaremb&oacute;'),
(1660, 111, 'Treinta y Tres'),
(1662, 81, 'Regi&oacute;n de Tarapac&aacute;'),
(1663, 81, 'Regi&oacute;n de Antofagasta'),
(1664, 81, 'Regi&oacute;n de Atacama'),
(1665, 81, 'Regi&oacute;n de Coquimbo'),
(1666, 81, 'Regi&oacute;n de Valpara&iacute;so'),
(1667, 81, 'Regi&oacute;n del Libertador General Bernardo O&#039;Higgins'),
(1668, 81, 'Regi&oacute;n del Maule'),
(1669, 81, 'Regi&oacute;n del B&iacute;o B&iacute;o'),
(1670, 81, 'Regi&oacute;n de La Araucan&iacute;a'),
(1671, 81, 'Regi&oacute;n de Los Lagos'),
(1672, 81, 'Regi&oacute;n Ais&eacute;n del General Carlos Ib&aacute;&ntilde;ez del Campo'),
(1673, 81, 'Regi&oacute;n de Magallanes y de la Ant&aacute;rtica Chilena'),
(1674, 81, 'Regi&oacute;n Metropolitana de Santiago'),
(1676, 185, 'Alta Verapaz'),
(1677, 185, 'Baja Verapaz'),
(1678, 185, 'Chimaltenango'),
(1679, 185, 'Chiquimula'),
(1680, 185, 'El Progreso'),
(1681, 185, 'Escuintla'),
(1682, 185, 'Guatemala'),
(1683, 185, 'Huehuetenango'),
(1684, 185, 'Izabal'),
(1685, 185, 'Jalapa'),
(1686, 185, 'Jutiapa'),
(1687, 185, 'Pet&eacute;n'),
(1688, 185, 'Quetzaltenango'),
(1689, 185, 'Quich&eacute;'),
(1690, 185, 'Retalhuleu'),
(1691, 185, 'Sacatep&eacute;quez'),
(1692, 185, 'San Marcos'),
(1693, 185, 'Santa Rosa'),
(1694, 185, 'Solol&aacute;'),
(1695, 185, 'Suchitepequez'),
(1696, 185, 'Totonicap&aacute;n'),
(1697, 185, 'Zacapa'),
(1699, 82, 'Amazonas'),
(1700, 82, 'Antioquia'),
(1701, 82, 'Arauca'),
(1702, 82, 'Atl&aacute;ntico'),
(1703, 82, 'Caquet&aacute;'),
(1704, 82, 'Cauca'),
(1705, 82, 'C&eacute;sar'),
(1706, 82, 'Choc&oacute;'),
(1707, 82, 'C&oacute;rdoba'),
(1708, 82, 'Guaviare'),
(1709, 82, 'Guain&iacute;a'),
(1710, 82, 'Huila'),
(1711, 82, 'La Guajira'),
(1712, 82, 'Meta'),
(1713, 82, 'Narino'),
(1714, 82, 'Norte de Santander'),
(1715, 82, 'Putumayo'),
(1716, 82, 'Quind&iacute;o'),
(1717, 82, 'Risaralda'),
(1718, 82, 'San Andr&eacute;s y Providencia'),
(1719, 82, 'Santander'),
(1720, 82, 'Sucre'),
(1721, 82, 'Tolima'),
(1722, 82, 'Valle del Cauca'),
(1723, 82, 'Vaup&eacute;s'),
(1724, 82, 'Vichada'),
(1725, 82, 'Casanare'),
(1726, 82, 'Cundinamarca'),
(1727, 82, 'Distrito Especial'),
(1730, 82, 'Caldas'),
(1731, 82, 'Magdalena'),
(1733, 42, 'Aguascalientes'),
(1734, 42, 'Baja California'),
(1735, 42, 'Baja California Sur'),
(1736, 42, 'Campeche'),
(1737, 42, 'Chiapas'),
(1738, 42, 'Chihuahua'),
(1739, 42, 'Coahuila de Zaragoza'),
(1740, 42, 'Colima'),
(1741, 42, 'Distrito Federal'),
(1742, 42, 'Durango'),
(1743, 42, 'Guanajuato'),
(1744, 42, 'Guerrero'),
(1745, 42, 'Hidalgo'),
(1746, 42, 'Jalisco'),
(1747, 42, 'M&eacute;xico'),
(1748, 42, 'Michoac&aacute;n de Ocampo'),
(1749, 42, 'Morelos'),
(1750, 42, 'Nayarit'),
(1751, 42, 'Nuevo Le&oacute;n'),
(1752, 42, 'Oaxaca'),
(1753, 42, 'Puebla'),
(1754, 42, 'Quer&eacute;taro de Arteaga'),
(1755, 42, 'Quintana Roo'),
(1756, 42, 'San Luis Potos&iacute;'),
(1757, 42, 'Sinaloa'),
(1758, 42, 'Sonora'),
(1759, 42, 'Tabasco'),
(1760, 42, 'Tamaulipas'),
(1761, 42, 'Tlaxcala'),
(1762, 42, 'Veracruz-Llave'),
(1763, 42, 'Yucat&aacute;n'),
(1764, 42, 'Zacatecas'),
(1766, 124, 'Bocas del Toro'),
(1767, 124, 'Chiriqu&iacute;'),
(1768, 124, 'Cocl&eacute;'),
(1769, 124, 'Col&oacute;n'),
(1770, 124, 'Dari&eacute;n'),
(1771, 124, 'Herrera'),
(1772, 124, 'Los Santos'),
(1773, 124, 'Panam&aacute;'),
(1774, 124, 'San Blas'),
(1775, 124, 'Veraguas'),
(1777, 123, 'Chuquisaca'),
(1778, 123, 'Cochabamba'),
(1779, 123, 'El Beni'),
(1780, 123, 'La Paz'),
(1781, 123, 'Oruro'),
(1782, 123, 'Pando'),
(1783, 123, 'Potos&iacute;'),
(1784, 123, 'Santa Cruz'),
(1785, 123, 'Tarija'),
(1787, 36, 'Alajuela'),
(1788, 36, 'Cartago'),
(1789, 36, 'Guanacaste'),
(1790, 36, 'Heredia'),
(1791, 36, 'Lim&oacute;n'),
(1792, 36, 'Puntarenas'),
(1793, 36, 'San Jos&eacute;'),
(1795, 103, 'Gal&aacute;pagos'),
(1796, 103, 'Azuay'),
(1797, 103, 'Bol&iacute;var'),
(1798, 103, 'Canar'),
(1799, 103, 'Carchi'),
(1800, 103, 'Chimborazo'),
(1801, 103, 'Cotopaxi'),
(1802, 103, 'El Oro'),
(1803, 103, 'Esmeraldas'),
(1804, 103, 'Guayas'),
(1805, 103, 'Imbabura'),
(1806, 103, 'Loja'),
(1807, 103, 'Los R&iacute;os'),
(1808, 103, 'Manab&iacute;'),
(1809, 103, 'Morona-Santiago'),
(1810, 103, 'Pastaza'),
(1811, 103, 'Pichincha'),
(1812, 103, 'Tungurahua'),
(1813, 103, 'Zamora-Chinchipe'),
(1814, 103, 'Sucumb&iacute;os'),
(1815, 103, 'Napo'),
(1816, 103, 'Orellana'),
(1818, 5, 'Buenos Aires'),
(1819, 5, 'Catamarca'),
(1820, 5, 'Chaco'),
(1821, 5, 'Chubut'),
(1822, 5, 'C&oacute;rdoba'),
(1823, 5, 'Corrientes'),
(1824, 5, 'Distrito Federal'),
(1825, 5, 'Entre R&iacute;os'),
(1826, 5, 'Formosa'),
(1827, 5, 'Jujuy'),
(1828, 5, 'La Pampa'),
(1829, 5, 'La Rioja'),
(1830, 5, 'Mendoza'),
(1831, 5, 'Misiones'),
(1832, 5, 'Neuqu&eacute;n'),
(1833, 5, 'R&iacute;o Negro'),
(1834, 5, 'Salta'),
(1835, 5, 'San Juan'),
(1836, 5, 'San Luis'),
(1837, 5, 'Santa Cruz'),
(1838, 5, 'Santa Fe'),
(1839, 5, 'Santiago del Estero'),
(1840, 5, 'Tierra del Fuego'),
(1841, 5, 'Tucum&aacute;n'),
(1843, 95, 'Amazonas'),
(1844, 95, 'Anzoategui'),
(1845, 95, 'Apure'),
(1846, 95, 'Aragua'),
(1847, 95, 'Barinas'),
(1848, 95, 'Bol&iacute;var'),
(1849, 95, 'Carabobo'),
(1850, 95, 'Cojedes'),
(1851, 95, 'Delta Amacuro'),
(1852, 95, 'Falc&oacute;n'),
(1853, 95, 'Gu&aacute;rico'),
(1854, 95, 'Lara'),
(1855, 95, 'M&eacute;rida'),
(1856, 95, 'Miranda'),
(1857, 95, 'Monagas'),
(1858, 95, 'Nueva Esparta'),
(1859, 95, 'Portuguesa'),
(1860, 95, 'Sucre'),
(1861, 95, 'T&aacute;chira'),
(1862, 95, 'Trujillo'),
(1863, 95, 'Yaracuy'),
(1864, 95, 'Zulia'),
(1865, 95, 'Dependencias Federales'),
(1866, 95, 'Distrito Capital'),
(1867, 95, 'Vargas'),
(1869, 209, 'Boaco'),
(1870, 209, 'Carazo'),
(1871, 209, 'Chinandega'),
(1872, 209, 'Chontales'),
(1873, 209, 'Estel&iacute;'),
(1874, 209, 'Granada'),
(1875, 209, 'Jinotega'),
(1876, 209, 'Le&oacute;n'),
(1877, 209, 'Madriz'),
(1878, 209, 'Managua'),
(1879, 209, 'Masaya'),
(1880, 209, 'Matagalpa'),
(1881, 209, 'Nueva Segovia'),
(1882, 209, 'Rio San Juan'),
(1883, 209, 'Rivas'),
(1884, 209, 'Zelaya'),
(1886, 113, 'Pinar del Rio'),
(1887, 113, 'Ciudad de la Habana'),
(1888, 113, 'Matanzas'),
(1889, 113, 'Isla de la Juventud'),
(1890, 113, 'Camaguey'),
(1891, 113, 'Ciego de Avila'),
(1892, 113, 'Cienfuegos'),
(1893, 113, 'Granma'),
(1894, 113, 'Guantanamo'),
(1895, 113, 'La Habana'),
(1896, 113, 'Holguin'),
(1897, 113, 'Las Tunas'),
(1898, 113, 'Sancti Spiritus'),
(1899, 113, 'Santiago de Cuba'),
(1900, 113, 'Villa Clara'),
(1901, 12, 'Acre'),
(1902, 12, 'Alagoas'),
(1903, 12, 'Amapa'),
(1904, 12, 'Amazonas'),
(1905, 12, 'Bahia'),
(1906, 12, 'Ceara'),
(1907, 12, 'Distrito Federal'),
(1908, 12, 'Espirito Santo'),
(1909, 12, 'Mato Grosso do Sul'),
(1910, 12, 'Maranhao'),
(1911, 12, 'Mato Grosso'),
(1912, 12, 'Minas Gerais'),
(1913, 12, 'Para'),
(1914, 12, 'Paraiba'),
(1915, 12, 'Parana'),
(1916, 12, 'Piaui'),
(1917, 12, 'Rio de Janeiro'),
(1918, 12, 'Rio Grande do Norte'),
(1919, 12, 'Rio Grande do Sul'),
(1920, 12, 'Rondonia'),
(1921, 12, 'Roraima'),
(1922, 12, 'Santa Catarina'),
(1923, 12, 'Sao Paulo'),
(1924, 12, 'Sergipe'),
(1925, 12, 'Goias'),
(1926, 12, 'Pernambuco'),
(1927, 12, 'Tocantins'),
(1930, 83, 'Akureyri'),
(1931, 83, 'Arnessysla'),
(1932, 83, 'Austur-Bardastrandarsysla'),
(1933, 83, 'Austur-Hunavatnssysla'),
(1934, 83, 'Austur-Skaftafellssysla'),
(1935, 83, 'Borgarfjardarsysla'),
(1936, 83, 'Dalasysla'),
(1937, 83, 'Eyjafjardarsysla'),
(1938, 83, 'Gullbringusysla'),
(1939, 83, 'Hafnarfjordur'),
(1943, 83, 'Kjosarsysla'),
(1944, 83, 'Kopavogur'),
(1945, 83, 'Myrasysla'),
(1946, 83, 'Neskaupstadur'),
(1947, 83, 'Nordur-Isafjardarsysla'),
(1948, 83, 'Nordur-Mulasysla'),
(1949, 83, 'Nordur-Tingeyjarsysla'),
(1950, 83, 'Olafsfjordur'),
(1951, 83, 'Rangarvallasysla'),
(1952, 83, 'Reykjavik'),
(1953, 83, 'Saudarkrokur'),
(1954, 83, 'Seydisfjordur'),
(1956, 83, 'Skagafjardarsysla'),
(1957, 83, 'Snafellsnes- og Hnappadalssysla'),
(1958, 83, 'Strandasysla'),
(1959, 83, 'Sudur-Mulasysla'),
(1960, 83, 'Sudur-Tingeyjarsysla'),
(1961, 83, 'Vestmannaeyjar'),
(1962, 83, 'Vestur-Bardastrandarsysla'),
(1964, 83, 'Vestur-Isafjardarsysla'),
(1965, 83, 'Vestur-Skaftafellssysla'),
(1966, 35, 'Anhui'),
(1967, 35, 'Zhejiang'),
(1968, 35, 'Jiangxi'),
(1969, 35, 'Jiangsu'),
(1970, 35, 'Jilin'),
(1971, 35, 'Qinghai'),
(1972, 35, 'Fujian'),
(1973, 35, 'Heilongjiang'),
(1974, 35, 'Henan'),
(1975, 35, 'Hebei'),
(1976, 35, 'Hunan'),
(1977, 35, 'Hubei'),
(1978, 35, 'Xinjiang'),
(1979, 35, 'Xizang'),
(1980, 35, 'Gansu'),
(1981, 35, 'Guangxi'),
(1982, 35, 'Guizhou'),
(1983, 35, 'Liaoning'),
(1984, 35, 'Nei Mongol'),
(1985, 35, 'Ningxia'),
(1986, 35, 'Beijing'),
(1987, 35, 'Shanghai'),
(1988, 35, 'Shanxi'),
(1989, 35, 'Shandong'),
(1990, 35, 'Shaanxi'),
(1991, 35, 'Sichuan'),
(1992, 35, 'Tianjin'),
(1993, 35, 'Yunnan'),
(1994, 35, 'Guangdong'),
(1995, 35, 'Hainan'),
(1996, 35, 'Chongqing'),
(1997, 97, 'Central'),
(1998, 97, 'Coast'),
(1999, 97, 'Eastern'),
(2000, 97, 'Nairobi Area'),
(2001, 97, 'North-Eastern'),
(2002, 97, 'Nyanza'),
(2003, 97, 'Rift Valley'),
(2004, 97, 'Western'),
(2006, 195, 'Gilbert Islands'),
(2007, 195, 'Line Islands'),
(2008, 195, 'Phoenix Islands'),
(2010, 1, 'Australian Capital Territory'),
(2011, 1, 'New South Wales'),
(2012, 1, 'Northern Territory'),
(2013, 1, 'Queensland'),
(2014, 1, 'South Australia'),
(2015, 1, 'Tasmania'),
(2016, 1, 'Victoria'),
(2017, 1, 'Western Australia'),
(2018, 27, 'Dublin'),
(2019, 27, 'Galway'),
(2020, 27, 'Kildare'),
(2021, 27, 'Leitrim'),
(2022, 27, 'Limerick'),
(2023, 27, 'Mayo'),
(2024, 27, 'Meath'),
(2025, 27, 'Carlow'),
(2026, 27, 'Kilkenny'),
(2027, 27, 'Laois'),
(2028, 27, 'Longford'),
(2029, 27, 'Louth'),
(2030, 27, 'Offaly'),
(2031, 27, 'Westmeath'),
(2032, 27, 'Wexford'),
(2033, 27, 'Wicklow'),
(2034, 27, 'Roscommon'),
(2035, 27, 'Sligo'),
(2036, 27, 'Clare'),
(2037, 27, 'Cork'),
(2038, 27, 'Kerry'),
(2039, 27, 'Tipperary'),
(2040, 27, 'Waterford'),
(2041, 27, 'Cavan'),
(2042, 27, 'Donegal'),
(2043, 27, 'Monaghan'),
(2044, 50, 'Karachaeva-Cherkesskaya Respublica'),
(2045, 50, 'Raimirskii (Dolgano-Nenetskii) AO'),
(2046, 50, 'Respublica Tiva'),
(2047, 32, 'Newfoundland'),
(2048, 32, 'Nova Scotia'),
(2049, 32, 'Prince Edward Island'),
(2050, 32, 'New Brunswick'),
(2051, 32, 'Quebec'),
(2052, 32, 'Ontario'),
(2053, 32, 'Manitoba'),
(2054, 32, 'Saskatchewan'),
(2055, 32, 'Alberta'),
(2056, 32, 'British Columbia'),
(2057, 32, 'Nunavut'),
(2058, 32, 'Northwest Territories'),
(2059, 32, 'Yukon Territory'),
(2060, 19, 'Drenthe'),
(2061, 19, 'Friesland'),
(2062, 19, 'Gelderland'),
(2063, 19, 'Groningen'),
(2064, 19, 'Limburg'),
(2065, 19, 'Noord-Brabant'),
(2066, 19, 'Noord-Holland'),
(2067, 19, 'Utrecht'),
(2068, 19, 'Zeeland'),
(2069, 19, 'Zuid-Holland'),
(2071, 19, 'Overijssel'),
(2072, 19, 'Flevoland'),
(2073, 138, 'Duarte'),
(2074, 138, 'Puerto Plata'),
(2075, 138, 'Valverde'),
(2076, 138, 'Mar&iacute;a Trinidad S&aacute;nchez'),
(2077, 138, 'Azua'),
(2078, 138, 'Santiago'),
(2079, 138, 'San Crist&oacute;bal'),
(2080, 138, 'Peravia'),
(2081, 138, 'El&iacute;as Pi&ntilde;a'),
(2082, 138, 'Barahona'),
(2083, 138, 'Monte Plata'),
(2084, 138, 'Salcedo'),
(2085, 138, 'La Altagracia'),
(2086, 138, 'San Juan'),
(2087, 138, 'Monse&ntilde;or Nouel'),
(2088, 138, 'Monte Cristi'),
(2089, 138, 'Espaillat'),
(2090, 138, 'S&aacute;nchez Ram&iacute;rez'),
(2091, 138, 'La Vega'),
(2092, 138, 'San Pedro de Macor&iacute;s'),
(2093, 138, 'Independencia'),
(2094, 138, 'Dajab&oacute;n'),
(2095, 138, 'Baoruco'),
(2096, 138, 'El Seibo'),
(2097, 138, 'Hato Mayor'),
(2098, 138, 'La Romana'),
(2099, 138, 'Pedernales'),
(2100, 138, 'Saman&aacute;'),
(2101, 138, 'Santiago Rodr&iacute;guez'),
(2102, 138, 'San Jos&eacute; de Ocoa'),
(2103, 70, 'Chiba'),
(2104, 70, 'Ehime'),
(2105, 70, 'Oita'),
(2106, 85, 'Skopje'),
(2108, 35, 'Schanghai'),
(2109, 35, 'Hongkong'),
(2110, 35, 'Neimenggu'),
(2111, 35, 'Aomen'),
(2112, 92, 'Amnat Charoen'),
(2113, 92, 'Ang Thong'),
(2114, 92, 'Bangkok'),
(2115, 92, 'Buri Ram'),
(2116, 92, 'Chachoengsao'),
(2117, 92, 'Chai Nat'),
(2118, 92, 'Chaiyaphum'),
(2119, 92, 'Chanthaburi'),
(2120, 92, 'Chiang Mai'),
(2121, 92, 'Chiang Rai'),
(2122, 92, 'Chon Buri'),
(2124, 92, 'Kalasin'),
(2126, 92, 'Kanchanaburi'),
(2127, 92, 'Khon Kaen'),
(2128, 92, 'Krabi'),
(2129, 92, 'Lampang'),
(2131, 92, 'Loei'),
(2132, 92, 'Lop Buri'),
(2133, 92, 'Mae Hong Son'),
(2134, 92, 'Maha Sarakham'),
(2137, 92, 'Nakhon Pathom'),
(2139, 92, 'Nakhon Ratchasima'),
(2140, 92, 'Nakhon Sawan'),
(2141, 92, 'Nakhon Si Thammarat'),
(2143, 92, 'Narathiwat'),
(2144, 92, 'Nong Bua Lam Phu'),
(2145, 92, 'Nong Khai'),
(2146, 92, 'Nonthaburi'),
(2147, 92, 'Pathum Thani'),
(2148, 92, 'Pattani'),
(2149, 92, 'Phangnga'),
(2150, 92, 'Phatthalung'),
(2154, 92, 'Phichit'),
(2155, 92, 'Phitsanulok'),
(2156, 92, 'Phra Nakhon Si Ayutthaya'),
(2157, 92, 'Phrae'),
(2158, 92, 'Phuket'),
(2159, 92, 'Prachin Buri'),
(2160, 92, 'Prachuap Khiri Khan'),
(2162, 92, 'Ratchaburi'),
(2163, 92, 'Rayong'),
(2164, 92, 'Roi Et'),
(2165, 92, 'Sa Kaeo'),
(2166, 92, 'Sakon Nakhon'),
(2167, 92, 'Samut Prakan'),
(2168, 92, 'Samut Sakhon'),
(2169, 92, 'Samut Songkhran'),
(2170, 92, 'Saraburi'),
(2172, 92, 'Si Sa Ket'),
(2173, 92, 'Sing Buri'),
(2174, 92, 'Songkhla'),
(2175, 92, 'Sukhothai'),
(2176, 92, 'Suphan Buri'),
(2177, 92, 'Surat Thani'),
(2178, 92, 'Surin'),
(2180, 92, 'Trang'),
(2182, 92, 'Ubon Ratchathani'),
(2183, 92, 'Udon Thani'),
(2184, 92, 'Uthai Thani'),
(2185, 92, 'Uttaradit'),
(2186, 92, 'Yala'),
(2187, 92, 'Yasothon'),
(2188, 69, 'Busan'),
(2189, 69, 'Daegu'),
(2191, 69, 'Gangwon'),
(2192, 69, 'Gwangju'),
(2193, 69, 'Gyeonggi'),
(2194, 69, 'Gyeongsangbuk'),
(2195, 69, 'Gyeongsangnam'),
(2196, 69, 'Jeju'),
(2201, 25, 'Delhi');

-- --------------------------------------------------------

--
-- Estructura de tabla para la tabla `Examen`
--

CREATE TABLE `Examen` (
  `NoReferencia` varchar(10) NOT NULL,
  `Horario` timestamp NOT NULL DEFAULT CURRENT_TIMESTAMP ON UPDATE CURRENT_TIMESTAMP,
  `Laboratorio` int(5) NOT NULL,
  `Aciertos` int(5) NOT NULL DEFAULT '0'
) ENGINE=InnoDB DEFAULT CHARSET=latin1;

--
-- Volcado de datos para la tabla `Examen`
--

INSERT INTO `Examen` (`NoReferencia`, `Horario`, `Laboratorio`, `Aciertos`) VALUES
('PE00000001', '2018-06-13 17:00:00', 1, 25),
('PE00000002', '2018-06-13 17:00:00', 2, 12),
('PE00000003', '2018-06-06 07:36:21', 5, 1),
('PE00000015', '2018-06-13 15:00:00', 5, 0),
('PP00000001', '2018-06-06 07:36:21', 3, 22),
('PP00000002', '2018-06-06 07:36:21', 4, 8),
('PP00000003', '2018-06-06 07:36:21', 2, 27),
('PP00000004', '2018-06-06 07:36:21', 1, 17),
('PP00000005', '2018-06-13 15:00:00', 4, 0),
('PP00000010', '2018-06-13 15:00:00', 3, 0);

-- --------------------------------------------------------

--
-- Estructura Stand-in para la vista `informacion_general`
-- (Véase abajo para la vista actual)
--
CREATE TABLE `informacion_general` (
`ref` varchar(10)
,`nom` varchar(40)
,`ap1` varchar(30)
,`ap2` varchar(30)
,`sex` varchar(9)
,`curp` varchar(18)
,`pass` varchar(24)
,`esc` varchar(60)
,`prom` float
,`opc` int(3)
,`fec` date
,`pais` varchar(60)
,`pais_est` varchar(40)
,`dir` varchar(60)
,`mun` varchar(60)
,`mun_est` varchar(40)
,`cel` varchar(10)
,`tel` varchar(10)
,`email` varchar(30)
,`hor` timestamp
,`lab` int(5)
,`aci` int(5)
);

-- --------------------------------------------------------

--
-- Estructura de tabla para la tabla `Nacimiento`
--

CREATE TABLE `Nacimiento` (
  `NoReferencia` varchar(10) NOT NULL,
  `Fecha` date NOT NULL,
  `Pais` varchar(60) NOT NULL DEFAULT 'M&eacute;xico',
  `Estado` varchar(40) NOT NULL DEFAULT 'Ciudad de M&eacute;xico'
) ENGINE=InnoDB DEFAULT CHARSET=latin1;

--
-- Volcado de datos para la tabla `Nacimiento`
--

INSERT INTO `Nacimiento` (`NoReferencia`, `Fecha`, `Pais`, `Estado`) VALUES
('PE00000001', '1990-10-10', 'M&eacute;xico', 'Michoac&aacute;n'),
('PE00000002', '1995-12-12', 'M&eacute;xico', 'Estado de M&eacute;xico'),
('PE00000015', '1997-11-15', '42', '1741'),
('PP00000001', '2000-09-20', 'M&Atilde;©xico', 'Ciudad de M&Atilde;©xico'),
('PP00000002', '1997-02-14', 'M&eacute;xico', 'Ciudad de M&eacute;xico'),
('PP00000004', '2015-09-16', 'M&eacute;xico', 'Ciudad de M&eacute;xico'),
('PP00000005', '1998-06-23', '42', '0'),
('PP00000010', '2000-06-03', '42', '1744');

-- --------------------------------------------------------

--
-- Estructura Stand-in para la vista `NumAciertos`
-- (Véase abajo para la vista actual)
--
CREATE TABLE `NumAciertos` (
`Aciertos` int(5)
,`Alumnos` bigint(21)
);

-- --------------------------------------------------------

--
-- Estructura de tabla para la tabla `pais`
--

CREATE TABLE `pais` (
  `id` int(11) NOT NULL,
  `paisnombre` varchar(250) CHARACTER SET utf8 COLLATE utf8_unicode_ci NOT NULL
) ENGINE=InnoDB DEFAULT CHARSET=latin1;

--
-- Volcado de datos para la tabla `pais`
--

INSERT INTO `pais` (`id`, `paisnombre`) VALUES
(1, 'Australia'),
(2, 'Austria'),
(3, 'Azerbaiy&aacute;n'),
(4, 'Anguilla'),
(5, 'Argentina'),
(6, 'Armenia'),
(7, 'Bielorrusia'),
(8, 'Belice'),
(9, 'B&eacute;lgica'),
(10, 'Bermudas'),
(11, 'Bulgaria'),
(12, 'Brasil'),
(13, 'Reino Unido'),
(14, 'Hungr&iacute;a'),
(15, 'Vietnam'),
(16, 'Haiti'),
(17, 'Guadalupe'),
(18, 'Alemania'),
(19, 'Pa&iacute;ses Bajos, Holanda'),
(20, 'Grecia'),
(21, 'Georgia'),
(22, 'Dinamarca'),
(23, 'Egipto'),
(24, 'Israel'),
(25, 'India'),
(26, 'Ir&aacute;n'),
(27, 'Irlanda'),
(28, 'Espa&ntilde;a'),
(29, 'Italia'),
(30, 'Kazajst&aacute;n'),
(31, 'Camer&uacute;n'),
(32, 'Canad&aacute;'),
(33, 'Chipre'),
(34, 'Kirguist&aacute;n'),
(35, 'China'),
(36, 'Costa Rica'),
(37, 'Kuwait'),
(38, 'Letonia'),
(39, 'Libia'),
(40, 'Lituania'),
(41, 'Luxemburgo'),
(42, 'M&eacute;xico'),
(43, 'Moldavia'),
(44, 'M&oacute;naco'),
(45, 'Nueva Zelanda'),
(46, 'Noruega'),
(47, 'Polonia'),
(48, 'Portugal'),
(49, 'Reuni&oacute;n'),
(50, 'Rusia'),
(51, 'El Salvador'),
(52, 'Eslovaquia'),
(53, 'Eslovenia'),
(54, 'Surinam'),
(55, 'Estados Unidos'),
(56, 'Tadjikistan'),
(57, 'Turkmenistan'),
(58, 'Islas Turcas y Caicos'),
(59, 'Turqu&iacute;a'),
(60, 'Uganda'),
(61, 'Uzbekist&aacute;n'),
(62, 'Ucrania'),
(63, 'Finlandia'),
(64, 'Francia'),
(65, 'Rep&uacute;blica Checa'),
(66, 'Suiza'),
(67, 'Suecia'),
(68, 'Estonia'),
(69, 'Corea del Sur'),
(70, 'Jap&oacute;n'),
(71, 'Croacia'),
(72, 'Ruman&iacute;a'),
(73, 'Hong Kong'),
(74, 'Indonesia'),
(75, 'Jordania'),
(76, 'Malasia'),
(77, 'Singapur'),
(78, 'Taiwan'),
(79, 'Bosnia y Herzegovina'),
(80, 'Bahamas'),
(81, 'Chile'),
(82, 'Colombia'),
(83, 'Islandia'),
(84, 'Corea del Norte'),
(85, 'Macedonia'),
(86, 'Malta'),
(87, 'Pakist&aacute;n'),
(88, 'Pap&uacute;a-Nueva Guinea'),
(89, 'Per&uacute;'),
(90, 'Filipinas'),
(91, 'Arabia Saudita'),
(92, 'Tailandia'),
(93, 'Emiratos &aacute;rabes Unidos'),
(94, 'Groenlandia'),
(95, 'Venezuela'),
(96, 'Zimbabwe'),
(97, 'Kenia'),
(98, 'Algeria'),
(99, 'L&iacute;bano'),
(100, 'Botsuana'),
(101, 'Tanzania'),
(102, 'Namibia'),
(103, 'Ecuador'),
(104, 'Marruecos'),
(105, 'Ghana'),
(106, 'Siria'),
(107, 'Nepal'),
(108, 'Mauritania'),
(109, 'Seychelles'),
(110, 'Paraguay'),
(111, 'Uruguay'),
(112, 'Congo (Brazzaville)'),
(113, 'Cuba'),
(114, 'Albania'),
(115, 'Nigeria'),
(116, 'Zambia'),
(117, 'Mozambique'),
(119, 'Angola'),
(120, 'Sri Lanka'),
(121, 'Etiop&iacute;a'),
(122, 'T&uacute;nez'),
(123, 'Bolivia'),
(124, 'Panam&aacute;'),
(125, 'Malawi'),
(126, 'Liechtenstein'),
(127, 'Bahrein'),
(128, 'Barbados'),
(130, 'Chad'),
(131, 'Man, Isla de'),
(132, 'Jamaica'),
(133, 'Mal&iacute;'),
(134, 'Madagascar'),
(135, 'Senegal'),
(136, 'Togo'),
(137, 'Honduras'),
(138, 'Rep&uacute;blica Dominicana'),
(139, 'Mongolia'),
(140, 'Irak'),
(141, 'Sud&aacute;frica'),
(142, 'Aruba'),
(143, 'Gibraltar'),
(144, 'Afganist&aacute;n'),
(145, 'Andorra'),
(147, 'Antigua y Barbuda'),
(149, 'Bangladesh'),
(151, 'Ben&iacute;n'),
(152, 'But&aacute;n'),
(154, 'Islas Virgenes Brit&aacute;nicas'),
(155, 'Brun&eacute;i'),
(156, 'Burkina Faso'),
(157, 'Burundi'),
(158, 'Camboya'),
(159, 'Cabo Verde'),
(164, 'Comores'),
(165, 'Congo (Kinshasa)'),
(166, 'Cook, Islas'),
(168, 'Costa de Marfil'),
(169, 'Djibouti, Yibuti'),
(171, 'Timor Oriental'),
(172, 'Guinea Ecuatorial'),
(173, 'Eritrea'),
(175, 'Feroe, Islas'),
(176, 'Fiyi'),
(178, 'Polinesia Francesa'),
(180, 'Gab&oacute;n'),
(181, 'Gambia'),
(184, 'Granada'),
(185, 'Guatemala'),
(186, 'Guernsey'),
(187, 'Guinea'),
(188, 'Guinea-Bissau'),
(189, 'Guyana'),
(193, 'Jersey'),
(195, 'Kiribati'),
(196, 'Laos'),
(197, 'Lesotho'),
(198, 'Liberia'),
(200, 'Maldivas'),
(201, 'Martinica'),
(202, 'Mauricio'),
(205, 'Myanmar'),
(206, 'Nauru'),
(207, 'Antillas Holandesas'),
(208, 'Nueva Caledonia'),
(209, 'Nicaragua'),
(210, 'N&iacute;ger'),
(212, 'Norfolk Island'),
(213, 'Om&aacute;n'),
(215, 'Isla Pitcairn'),
(216, 'Qatar'),
(217, 'Ruanda'),
(218, 'Santa Elena'),
(219, 'San Cristobal y Nevis'),
(220, 'Santa Luc&iacute;a'),
(221, 'San Pedro y Miquel&oacute;n'),
(222, 'San Vincente y Granadinas'),
(223, 'Samoa'),
(224, 'San Marino'),
(225, 'San Tom&eacute; y Pr&iacute;ncipe'),
(226, 'Serbia y Montenegro'),
(227, 'Sierra Leona'),
(228, 'Islas Salom&oacute;n'),
(229, 'Somalia'),
(232, 'Sud&aacute;n'),
(234, 'Swazilandia'),
(235, 'Tokelau'),
(236, 'Tonga'),
(237, 'Trinidad y Tobago'),
(239, 'Tuvalu'),
(240, 'Vanuatu'),
(241, 'Wallis y Futuna'),
(242, 'S&aacute;hara Occidental'),
(243, 'Yemen'),
(246, 'Puerto Rico');

-- --------------------------------------------------------

--
-- Estructura Stand-in para la vista `PromEdadAciertos`
-- (Véase abajo para la vista actual)
--
CREATE TABLE `PromEdadAciertos` (
`Escuela` int(6)
,`Promedio` decimal(14,4)
);

-- --------------------------------------------------------

--
-- Estructura Stand-in para la vista `PromEscAciertos`
-- (Véase abajo para la vista actual)
--
CREATE TABLE `PromEscAciertos` (
`Escuela` varchar(60)
,`Promedio` decimal(14,4)
);

-- --------------------------------------------------------

--
-- Estructura Stand-in para la vista `PromMunAciertos`
-- (Véase abajo para la vista actual)
--
CREATE TABLE `PromMunAciertos` (
`Municipio` varchar(60)
,`Estado` varchar(40)
,`Promedio` decimal(14,4)
);

-- --------------------------------------------------------

--
-- Estructura de tabla para la tabla `t_estado`
--

CREATE TABLE `t_estado` (
  `id_estado` int(11) NOT NULL,
  `estado` varchar(45) COLLATE utf8_spanish_ci DEFAULT NULL
) ENGINE=InnoDB DEFAULT CHARSET=utf8 COLLATE=utf8_spanish_ci;

--
-- Volcado de datos para la tabla `t_estado`
--

INSERT INTO `t_estado` (`id_estado`, `estado`) VALUES
(1, 'Aguascalientes'),
(2, 'Baja California'),
(3, 'Baja California Sur'),
(4, 'Campeche'),
(5, 'Coahuila de Zaragoza'),
(6, 'Colima'),
(7, 'Chiapas'),
(8, 'Chihuahua'),
(9, 'Distrito Federal'),
(10, 'Durango'),
(11, 'Guanajuato'),
(12, 'Guerrero'),
(13, 'Hidalgo'),
(14, 'Jalisco'),
(15, 'M&eacute;xico'),
(16, 'Michoac&aacute;n de Ocampo'),
(17, 'Morelos'),
(18, 'Nayarit'),
(19, 'Nuevo Le&oacute;n'),
(20, 'Oaxaca'),
(21, 'Puebla'),
(22, 'Quer&eacute;taro'),
(23, 'Quintana Roo'),
(24, 'San Luis Potos&iacute;'),
(25, 'Sinaloa'),
(26, 'Sonora'),
(27, 'Tabasco'),
(28, 'Tamaulipas'),
(29, 'Tlaxcala'),
(30, 'Veracruz de Ignacio de la Llave'),
(31, 'Yucat&aacute;n'),
(32, 'Zacatecas');

-- --------------------------------------------------------

--
-- Estructura de tabla para la tabla `t_municipio`
--

CREATE TABLE `t_municipio` (
  `id_municipio` int(11) NOT NULL,
  `id_estado` varchar(45) COLLATE utf8_spanish_ci NOT NULL,
  `municipio` varchar(45) COLLATE utf8_spanish_ci NOT NULL
) ENGINE=InnoDB DEFAULT CHARSET=utf8 COLLATE=utf8_spanish_ci;

--
-- Volcado de datos para la tabla `t_municipio`
--

INSERT INTO `t_municipio` (`id_municipio`, `id_estado`, `municipio`) VALUES
(1, '1', 'Aguascalientes'),
(2, '1', 'Asientos'),
(3, '1', 'Calvillo'),
(4, '1', 'Cos&iacute;o'),
(5, '1', 'Jes&uacute;s Mar&iacute;a'),
(6, '1', 'Pabell&oacute;n de Arteaga'),
(7, '1', 'Rinc&oacute;n de Romos'),
(8, '1', 'San Jos&eacute; de Gracia'),
(9, '1', 'Tepezal&aacute;'),
(10, '1', 'El Llano'),
(11, '1', 'San Francisco de los Romo'),
(12, '2', 'Ensenada'),
(13, '2', 'Mexicali'),
(14, '2', 'Tecate'),
(15, '2', 'Tijuana'),
(16, '2', 'Playas de Rosarito'),
(17, '3', 'Comond&uacute;'),
(18, '3', 'Muleg&eacute;'),
(19, '3', 'La Paz'),
(20, '3', 'Los Cabos'),
(21, '3', 'Loreto'),
(22, '4', 'Calkin&iacute;'),
(23, '4', 'Campeche'),
(24, '4', 'Carmen'),
(25, '4', 'Champot&oacute;n'),
(26, '4', 'Hecelchak&aacute;n'),
(27, '4', 'Hopelch&eacute;n'),
(28, '4', 'Palizada'),
(29, '4', 'Tenabo'),
(30, '4', 'Esc&aacute;rcega'),
(31, '4', 'Calakmul'),
(32, '4', 'Candelaria'),
(33, '5', 'Abasolo'),
(34, '5', 'Acu&ntilde;a'),
(35, '5', 'Allende'),
(36, '5', 'Arteaga'),
(37, '5', 'Candela'),
(38, '5', 'Casta&ntilde;os'),
(39, '5', 'Cuatro Ci&eacute;negas'),
(40, '5', 'Escobedo'),
(41, '5', 'Francisco I. Madero'),
(42, '5', 'Frontera'),
(43, '5', 'General Cepeda'),
(44, '5', 'Guerrero'),
(45, '5', 'Hidalgo'),
(46, '5', 'Jim&eacute;nez'),
(47, '5', 'Ju&aacute;rez'),
(48, '5', 'Lamadrid'),
(49, '5', 'Matamoros'),
(50, '5', 'Monclova'),
(51, '5', 'Morelos'),
(52, '5', 'M&uacute;zquiz'),
(53, '5', 'Nadadores'),
(54, '5', 'Nava'),
(55, '5', 'Ocampo'),
(56, '5', 'Parras'),
(57, '5', 'Piedras Negras'),
(58, '5', 'Progreso'),
(59, '5', 'Ramos Arizpe'),
(60, '5', 'Sabinas'),
(61, '5', 'Sacramento'),
(62, '5', 'Saltillo'),
(63, '5', 'San Buenaventura'),
(64, '5', 'San Juan de Sabinas'),
(65, '5', 'San Pedro'),
(66, '5', 'Sierra Mojada'),
(67, '5', 'Torre&oacute;n'),
(68, '5', 'Viesca'),
(69, '5', 'Villa Uni&oacute;n'),
(70, '5', 'Zaragoza'),
(71, '6', 'Armer&iacute;a'),
(72, '6', 'Colima'),
(73, '6', 'Comala'),
(74, '6', 'Coquimatl&aacute;n'),
(75, '6', 'Cuauht&eacute;moc'),
(76, '6', 'Ixtlahuac&aacute;n'),
(77, '6', 'Manzanillo'),
(78, '6', 'Minatitl&aacute;n'),
(79, '6', 'Tecom&aacute;n'),
(80, '6', 'Villa de &Aacute;lvarez'),
(81, '7', 'Acacoyagua'),
(82, '7', 'Acala'),
(83, '7', 'Acapetahua'),
(84, '7', 'Altamirano'),
(85, '7', 'Amat&aacute;n'),
(86, '7', 'Amatenango de la Frontera'),
(87, '7', 'Amatenango del Valle'),
(88, '7', 'Angel Albino Corzo'),
(89, '7', 'Arriaga'),
(90, '7', 'Bejucal de Ocampo'),
(91, '7', 'Bella Vista'),
(92, '7', 'Berrioz&aacute;bal'),
(93, '7', 'Bochil'),
(94, '7', 'El Bosque'),
(95, '7', 'Cacahoat&aacute;n'),
(96, '7', 'Catazaj&aacute;'),
(97, '7', 'Cintalapa'),
(98, '7', 'Coapilla'),
(99, '7', 'Comit&aacute;n de Dom&iacute;nguez'),
(100, '7', 'La Concordia'),
(101, '7', 'Copainal&aacute;'),
(102, '7', 'Chalchihuit&aacute;n'),
(103, '7', 'Chamula'),
(104, '7', 'Chanal'),
(105, '7', 'Chapultenango'),
(106, '7', 'Chenalh&oacute;'),
(107, '7', 'Chiapa de Corzo'),
(108, '7', 'Chiapilla'),
(109, '7', 'Chicoas&eacute;n'),
(110, '7', 'Chicomuselo'),
(111, '7', 'Chil&oacute;n'),
(112, '7', 'Escuintla'),
(113, '7', 'Francisco Le&oacute;n'),
(114, '7', 'Frontera Comalapa'),
(115, '7', 'Frontera Hidalgo'),
(116, '7', 'La Grandeza'),
(117, '7', 'Huehuet&aacute;n'),
(118, '7', 'Huixt&aacute;n'),
(119, '7', 'Huitiup&aacute;n'),
(120, '7', 'Huixtla'),
(121, '7', 'La Independencia'),
(122, '7', 'Ixhuat&aacute;n'),
(123, '7', 'Ixtacomit&aacute;n'),
(124, '7', 'Ixtapa'),
(125, '7', 'Ixtapangajoya'),
(126, '7', 'Jiquipilas'),
(127, '7', 'Jitotol'),
(128, '7', 'Ju&aacute;rez'),
(129, '7', 'Larr&aacute;inzar'),
(130, '7', 'La Libertad'),
(131, '7', 'Mapastepec'),
(132, '7', 'Las Margaritas'),
(133, '7', 'Mazapa de Madero'),
(134, '7', 'Mazat&aacute;n'),
(135, '7', 'Metapa'),
(136, '7', 'Mitontic'),
(137, '7', 'Motozintla'),
(138, '7', 'Nicol&aacute;s Ru&iacute;z'),
(139, '7', 'Ocosingo'),
(140, '7', 'Ocotepec'),
(141, '7', 'Ocozocoautla de Espinosa'),
(142, '7', 'Ostuac&aacute;n'),
(143, '7', 'Osumacinta'),
(144, '7', 'Oxchuc'),
(145, '7', 'Palenque'),
(146, '7', 'Pantelh&oacute;'),
(147, '7', 'Pantepec'),
(148, '7', 'Pichucalco'),
(149, '7', 'Pijijiapan'),
(150, '7', 'El Porvenir'),
(151, '7', 'Villa Comaltitl&aacute;n'),
(152, '7', 'Pueblo Nuevo Solistahuac&aacute;n'),
(153, '7', 'Ray&oacute;n'),
(154, '7', 'Reforma'),
(155, '7', 'Las Rosas'),
(156, '7', 'Sabanilla'),
(157, '7', 'Salto de Agua'),
(158, '7', 'San Crist&oacute;bal de las Casas'),
(159, '7', 'San Fernando'),
(160, '7', 'Siltepec'),
(161, '7', 'Simojovel'),
(162, '7', 'Sital&aacute;'),
(163, '7', 'Socoltenango'),
(164, '7', 'Solosuchiapa'),
(165, '7', 'Soyal&oacute;'),
(166, '7', 'Suchiapa'),
(167, '7', 'Suchiate'),
(168, '7', 'Sunuapa'),
(169, '7', 'Tapachula'),
(170, '7', 'Tapalapa'),
(171, '7', 'Tapilula'),
(172, '7', 'Tecpat&aacute;n'),
(173, '7', 'Tenejapa'),
(174, '7', 'Teopisca'),
(175, '7', 'Tila'),
(176, '7', 'Tonal&aacute;'),
(177, '7', 'Totolapa'),
(178, '7', 'La Trinitaria'),
(179, '7', 'Tumbal&aacute;'),
(180, '7', 'Tuxtla Guti&eacute;rrez'),
(181, '7', 'Tuxtla Chico'),
(182, '7', 'Tuzant&aacute;n'),
(183, '7', 'Tzimol'),
(184, '7', 'Uni&oacute;n Ju&aacute;rez'),
(185, '7', 'Venustiano Carranza'),
(186, '7', 'Villa Corzo'),
(187, '7', 'Villaflores'),
(188, '7', 'Yajal&oacute;n'),
(189, '7', 'San Lucas'),
(190, '7', 'Zinacant&aacute;n'),
(191, '7', 'San Juan Cancuc'),
(192, '7', 'Aldama'),
(193, '7', 'Benem&eacute;rito de las Am&eacute;ricas'),
(194, '7', 'Maravilla Tenejapa'),
(195, '7', 'Marqu&eacute;s de Comillas'),
(196, '7', 'Montecristo de Guerrero'),
(197, '7', 'San Andr&eacute;s Duraznal'),
(198, '7', 'Santiago el Pinar'),
(199, '8', 'Ahumada'),
(200, '8', 'Aldama'),
(201, '8', 'Allende'),
(202, '8', 'Aquiles Serd&aacute;n'),
(203, '8', 'Ascensi&oacute;n'),
(204, '8', 'Bach&iacute;niva'),
(205, '8', 'Balleza'),
(206, '8', 'Batopilas'),
(207, '8', 'Bocoyna'),
(208, '8', 'Buenaventura'),
(209, '8', 'Camargo'),
(210, '8', 'Carich&iacute;'),
(211, '8', 'Casas Grandes'),
(212, '8', 'Coronado'),
(213, '8', 'Coyame del Sotol'),
(214, '8', 'La Cruz'),
(215, '8', 'Cuauht&eacute;moc'),
(216, '8', 'Cusihuiriachi'),
(217, '8', 'Chihuahua'),
(218, '8', 'Ch&iacute;nipas'),
(219, '8', 'Delicias'),
(220, '8', 'Dr. Belisario Dom&iacute;nguez'),
(221, '8', 'Galeana'),
(222, '8', 'Santa Isabel'),
(223, '8', 'G&oacute;mez Far&iacute;as'),
(224, '8', 'Gran Morelos'),
(225, '8', 'Guachochi'),
(226, '8', 'Guadalupe'),
(227, '8', 'Guadalupe y Calvo'),
(228, '8', 'Guazapares'),
(229, '8', 'Guerrero'),
(230, '8', 'Hidalgo del Parral'),
(231, '8', 'Huejotit&aacute;n'),
(232, '8', 'Ignacio Zaragoza'),
(233, '8', 'Janos'),
(234, '8', 'Jim&eacute;nez'),
(235, '8', 'Ju&aacute;rez'),
(236, '8', 'Julimes'),
(237, '8', 'L&oacute;pez'),
(238, '8', 'Madera'),
(239, '8', 'Maguarichi'),
(240, '8', 'Manuel Benavides'),
(241, '8', 'Matach&iacute;'),
(242, '8', 'Matamoros'),
(243, '8', 'Meoqui'),
(244, '8', 'Morelos'),
(245, '8', 'Moris'),
(246, '8', 'Namiquipa'),
(247, '8', 'Nonoava'),
(248, '8', 'Nuevo Casas Grandes'),
(249, '8', 'Ocampo'),
(250, '8', 'Ojinaga'),
(251, '8', 'Praxedis G. Guerrero'),
(252, '8', 'Riva Palacio'),
(253, '8', 'Rosales'),
(254, '8', 'Rosario'),
(255, '8', 'San Francisco de Borja'),
(256, '8', 'San Francisco de Conchos'),
(257, '8', 'San Francisco del Oro'),
(258, '8', 'Santa B&aacute;rbara'),
(259, '8', 'Satev&oacute;'),
(260, '8', 'Saucillo'),
(261, '8', 'Tem&oacute;sachic'),
(262, '8', 'El Tule'),
(263, '8', 'Urique'),
(264, '8', 'Uruachi'),
(265, '8', 'Valle de Zaragoza'),
(266, '9', 'Azcapotzalco'),
(267, '9', 'Coyoac&aacute;n'),
(268, '9', 'Cuajimalpa de Morelos'),
(269, '9', 'Gustavo A. Madero'),
(270, '9', 'Iztacalco'),
(271, '9', 'Iztapalapa'),
(272, '9', 'La Magdalena Contreras'),
(273, '9', 'Milpa Alta'),
(274, '9', '&Aacute;lvaro Obreg&oacute;n'),
(275, '9', 'Tl&aacute;huac'),
(276, '9', 'Tlalpan'),
(277, '9', 'Xochimilco'),
(278, '9', 'Benito Ju&aacute;rez'),
(279, '9', 'Cuauht&eacute;moc'),
(280, '9', 'Miguel Hidalgo'),
(281, '9', 'Venustiano Carranza'),
(282, '10', 'Canatl&aacute;n'),
(283, '10', 'Canelas'),
(284, '10', 'Coneto de Comonfort'),
(285, '10', 'Cuencam&eacute;'),
(286, '10', 'Durango'),
(287, '10', 'General Sim&oacute;n Bol&iacute;var'),
(288, '10', 'G&oacute;mez Palacio'),
(289, '10', 'Guadalupe Victoria'),
(290, '10', 'Guanacev&iacute;'),
(291, '10', 'Hidalgo'),
(292, '10', 'Ind&eacute;'),
(293, '10', 'Lerdo'),
(294, '10', 'Mapim&iacute;'),
(295, '10', 'Mezquital'),
(296, '10', 'Nazas'),
(297, '10', 'Nombre de Dios'),
(298, '10', 'Ocampo'),
(299, '10', 'El Oro'),
(300, '10', 'Ot&aacute;ez'),
(301, '10', 'P&aacute;nuco de Coronado'),
(302, '10', 'Pe&ntilde;&oacute;n Blanco'),
(303, '10', 'Poanas'),
(304, '10', 'Pueblo Nuevo'),
(305, '10', 'Rodeo'),
(306, '10', 'San Bernardo'),
(307, '10', 'San Dimas'),
(308, '10', 'San Juan de Guadalupe'),
(309, '10', 'San Juan del R&iacute;o'),
(310, '10', 'San Luis del Cordero'),
(311, '10', 'San Pedro del Gallo'),
(312, '10', 'Santa Clara'),
(313, '10', 'Santiago Papasquiaro'),
(314, '10', 'S&uacute;chil'),
(315, '10', 'Tamazula'),
(316, '10', 'Tepehuanes'),
(317, '10', 'Tlahualilo'),
(318, '10', 'Topia'),
(319, '10', 'Vicente Guerrero'),
(320, '10', 'Nuevo Ideal'),
(321, '11', 'Abasolo'),
(322, '11', 'Ac&aacute;mbaro'),
(323, '11', 'San Miguel de Allende'),
(324, '11', 'Apaseo el Alto'),
(325, '11', 'Apaseo el Grande'),
(326, '11', 'Atarjea'),
(327, '11', 'Celaya'),
(328, '11', 'Manuel Doblado'),
(329, '11', 'Comonfort'),
(330, '11', 'Coroneo'),
(331, '11', 'Cortazar'),
(332, '11', 'Cuer&aacute;maro'),
(333, '11', 'Doctor Mora'),
(334, '11', 'Dolores Hidalgo Cuna de la Independencia Naci'),
(335, '11', 'Guanajuato'),
(336, '11', 'Huan&iacute;maro'),
(337, '11', 'Irapuato'),
(338, '11', 'Jaral del Progreso'),
(339, '11', 'Jer&eacute;cuaro'),
(340, '11', 'Le&oacute;n'),
(341, '11', 'Morole&oacute;n'),
(342, '11', 'Ocampo'),
(343, '11', 'P&eacute;njamo'),
(344, '11', 'Pueblo Nuevo'),
(345, '11', 'Pur&iacute;sima del Rinc&oacute;n'),
(346, '11', 'Romita'),
(347, '11', 'Salamanca'),
(348, '11', 'Salvatierra'),
(349, '11', 'San Diego de la Uni&oacute;n'),
(350, '11', 'San Felipe'),
(351, '11', 'San Francisco del Rinc&oacute;n'),
(352, '11', 'San Jos&eacute; Iturbide'),
(353, '11', 'San Luis de la Paz'),
(354, '11', 'Santa Catarina'),
(355, '11', 'Santa Cruz de Juventino Rosas'),
(356, '11', 'Santiago Maravat&iacute;o'),
(357, '11', 'Silao'),
(358, '11', 'Tarandacuao'),
(359, '11', 'Tarimoro'),
(360, '11', 'Tierra Blanca'),
(361, '11', 'Uriangato'),
(362, '11', 'Valle de Santiago'),
(363, '11', 'Victoria'),
(364, '11', 'Villagr&aacute;n'),
(365, '11', 'Xich&uacute;'),
(366, '11', 'Yuriria'),
(367, '12', 'Acapulco de Ju&aacute;rez'),
(368, '12', 'Ahuacuotzingo'),
(369, '12', 'Ajuchitl&aacute;n del Progreso'),
(370, '12', 'Alcozauca de Guerrero'),
(371, '12', 'Alpoyeca'),
(372, '12', 'Apaxtla'),
(373, '12', 'Arcelia'),
(374, '12', 'Atenango del R&iacute;o'),
(375, '12', 'Atlamajalcingo del Monte'),
(376, '12', 'Atlixtac'),
(377, '12', 'Atoyac de &Aacute;lvarez'),
(378, '12', 'Ayutla de los Libres'),
(379, '12', 'Azoy&uacute;'),
(380, '12', 'Benito Ju&aacute;rez'),
(381, '12', 'Buenavista de Cu&eacute;llar'),
(382, '12', 'Coahuayutla de Jos&eacute; Mar&iacute;a Izaza'),
(383, '12', 'Cocula'),
(384, '12', 'Copala'),
(385, '12', 'Copalillo'),
(386, '12', 'Copanatoyac'),
(387, '12', 'Coyuca de Ben&iacute;tez'),
(388, '12', 'Coyuca de Catal&aacute;n'),
(389, '12', 'Cuajinicuilapa'),
(390, '12', 'Cual&aacute;c'),
(391, '12', 'Cuautepec'),
(392, '12', 'Cuetzala del Progreso'),
(393, '12', 'Cutzamala de Pinz&oacute;n'),
(394, '12', 'Chilapa de &Aacute;lvarez'),
(395, '12', 'Chilpancingo de los Bravo'),
(396, '12', 'Florencio Villarreal'),
(397, '12', 'General Canuto A. Neri'),
(398, '12', 'General Heliodoro Castillo'),
(399, '12', 'Huamuxtitl&aacute;n'),
(400, '12', 'Huitzuco de los Figueroa'),
(401, '12', 'Iguala de la Independencia'),
(402, '12', 'Igualapa'),
(403, '12', 'Ixcateopan de Cuauht&eacute;moc'),
(404, '12', 'Zihuatanejo de Azueta'),
(405, '12', 'Juan R. Escudero'),
(406, '12', 'Leonardo Bravo'),
(407, '12', 'Malinaltepec'),
(408, '12', 'M&aacute;rtir de Cuilapan'),
(409, '12', 'Metlat&oacute;noc'),
(410, '12', 'Mochitl&aacute;n'),
(411, '12', 'Olinal&aacute;'),
(412, '12', 'Ometepec'),
(413, '12', 'Pedro Ascencio Alquisiras'),
(414, '12', 'Petatl&aacute;n'),
(415, '12', 'Pilcaya'),
(416, '12', 'Pungarabato'),
(417, '12', 'Quechultenango'),
(418, '12', 'San Luis Acatl&aacute;n'),
(419, '12', 'San Marcos'),
(420, '12', 'San Miguel Totolapan'),
(421, '12', 'Taxco de Alarc&oacute;n'),
(422, '12', 'Tecoanapa'),
(423, '12', 'T&eacute;cpan de Galeana'),
(424, '12', 'Teloloapan'),
(425, '12', 'Tepecoacuilco de Trujano'),
(426, '12', 'Tetipac'),
(427, '12', 'Tixtla de Guerrero'),
(428, '12', 'Tlacoachistlahuaca'),
(429, '12', 'Tlacoapa'),
(430, '12', 'Tlalchapa'),
(431, '12', 'Tlalixtaquilla de Maldonado'),
(432, '12', 'Tlapa de Comonfort'),
(433, '12', 'Tlapehuala'),
(434, '12', 'La Uni&oacute;n de Isidoro Montes de Oca'),
(435, '12', 'Xalpatl&aacute;huac'),
(436, '12', 'Xochihuehuetl&aacute;n'),
(437, '12', 'Xochistlahuaca'),
(438, '12', 'Zapotitl&aacute;n Tablas'),
(439, '12', 'Zir&aacute;ndaro'),
(440, '12', 'Zitlala'),
(441, '12', 'Eduardo Neri'),
(442, '12', 'Acatepec'),
(443, '12', 'Marquelia'),
(444, '12', 'Cochoapa el Grande'),
(445, '12', 'Jos&eacute; Joaquin de Herrera'),
(446, '12', 'Juchit&aacute;n'),
(447, '12', 'Iliatenco'),
(448, '13', 'Acatl&aacute;n'),
(449, '13', 'Acaxochitl&aacute;n'),
(450, '13', 'Actopan'),
(451, '13', 'Agua Blanca de Iturbide'),
(452, '13', 'Ajacuba'),
(453, '13', 'Alfajayucan'),
(454, '13', 'Almoloya'),
(455, '13', 'Apan'),
(456, '13', 'El Arenal'),
(457, '13', 'Atitalaquia'),
(458, '13', 'Atlapexco'),
(459, '13', 'Atotonilco el Grande'),
(460, '13', 'Atotonilco de Tula'),
(461, '13', 'Calnali'),
(462, '13', 'Cardonal'),
(463, '13', 'Cuautepec de Hinojosa'),
(464, '13', 'Chapantongo'),
(465, '13', 'Chapulhuac&aacute;n'),
(466, '13', 'Chilcuautla'),
(467, '13', 'Eloxochitl&aacute;n'),
(468, '13', 'Emiliano Zapata'),
(469, '13', 'Epazoyucan'),
(470, '13', 'Francisco I. Madero'),
(471, '13', 'Huasca de Ocampo'),
(472, '13', 'Huautla'),
(473, '13', 'Huazalingo'),
(474, '13', 'Huehuetla'),
(475, '13', 'Huejutla de Reyes'),
(476, '13', 'Huichapan'),
(477, '13', 'Ixmiquilpan'),
(478, '13', 'Jacala de Ledezma'),
(479, '13', 'Jaltoc&aacute;n'),
(480, '13', 'Ju&aacute;rez Hidalgo'),
(481, '13', 'Lolotla'),
(482, '13', 'Metepec'),
(483, '13', 'San Agust&iacute;n Metzquititl&aacute;n'),
(484, '13', 'Metztitl&aacute;n'),
(485, '13', 'Mineral del Chico'),
(486, '13', 'Mineral del Monte'),
(487, '13', 'La Misi&oacute;n'),
(488, '13', 'Mixquiahuala de Ju&aacute;rez'),
(489, '13', 'Molango de Escamilla'),
(490, '13', 'Nicol&aacute;s Flores'),
(491, '13', 'Nopala de Villagr&aacute;n'),
(492, '13', 'Omitl&aacute;n de Ju&aacute;rez'),
(493, '13', 'San Felipe Orizatl&aacute;n'),
(494, '13', 'Pacula'),
(495, '13', 'Pachuca de Soto'),
(496, '13', 'Pisaflores'),
(497, '13', 'Progreso de Obreg&oacute;n'),
(498, '13', 'Mineral de la Reforma'),
(499, '13', 'San Agust&iacute;n Tlaxiaca'),
(500, '13', 'San Bartolo Tutotepec'),
(501, '13', 'San Salvador'),
(502, '13', 'Santiago de Anaya'),
(503, '13', 'Santiago Tulantepec de Lugo Guerrero'),
(504, '13', 'Singuilucan'),
(505, '13', 'Tasquillo'),
(506, '13', 'Tecozautla'),
(507, '13', 'Tenango de Doria'),
(508, '13', 'Tepeapulco'),
(509, '13', 'Tepehuac&aacute;n de Guerrero'),
(510, '13', 'Tepeji del R&iacute;o de Ocampo'),
(511, '13', 'Tepetitl&aacute;n'),
(512, '13', 'Tetepango'),
(513, '13', 'Villa de Tezontepec'),
(514, '13', 'Tezontepec de Aldama'),
(515, '13', 'Tianguistengo'),
(516, '13', 'Tizayuca'),
(517, '13', 'Tlahuelilpan'),
(518, '13', 'Tlahuiltepa'),
(519, '13', 'Tlanalapa'),
(520, '13', 'Tlanchinol'),
(521, '13', 'Tlaxcoapan'),
(522, '13', 'Tolcayuca'),
(523, '13', 'Tula de Allende'),
(524, '13', 'Tulancingo de Bravo'),
(525, '13', 'Xochiatipan'),
(526, '13', 'Xochicoatl&aacute;n'),
(527, '13', 'Yahualica'),
(528, '13', 'Zacualtip&aacute;n de &Aacute;ngeles'),
(529, '13', 'Zapotl&aacute;n de Ju&aacute;rez'),
(530, '13', 'Zempoala'),
(531, '13', 'Zimap&aacute;n'),
(532, '14', 'Acatic'),
(533, '14', 'Acatl&aacute;n de Ju&aacute;rez'),
(534, '14', 'Ahualulco de Mercado'),
(535, '14', 'Amacueca'),
(536, '14', 'Amatit&aacute;n'),
(537, '14', 'Ameca'),
(538, '14', 'San Juanito de Escobedo'),
(539, '14', 'Arandas'),
(540, '14', 'El Arenal'),
(541, '14', 'Atemajac de Brizuela'),
(542, '14', 'Atengo'),
(543, '14', 'Atenguillo'),
(544, '14', 'Atotonilco el Alto'),
(545, '14', 'Atoyac'),
(546, '14', 'Autl&aacute;n de Navarro'),
(547, '14', 'Ayotl&aacute;n'),
(548, '14', 'Ayutla'),
(549, '14', 'La Barca'),
(550, '14', 'Bola&ntilde;os'),
(551, '14', 'Cabo Corrientes'),
(552, '14', 'Casimiro Castillo'),
(553, '14', 'Cihuatl&aacute;n'),
(554, '14', 'Zapotl&aacute;n el Grande'),
(555, '14', 'Cocula'),
(556, '14', 'Colotl&aacute;n'),
(557, '14', 'Concepci&oacute;n de Buenos Aires'),
(558, '14', 'Cuautitl&aacute;n de Garc&iacute;a Barrag&aac'),
(559, '14', 'Cuautla'),
(560, '14', 'Cuqu&iacute;o'),
(561, '14', 'Chapala'),
(562, '14', 'Chimaltit&aacute;n'),
(563, '14', 'Chiquilistl&aacute;n'),
(564, '14', 'Degollado'),
(565, '14', 'Ejutla'),
(566, '14', 'Encarnaci&oacute;n de D&iacute;az'),
(567, '14', 'Etzatl&aacute;n'),
(568, '14', 'El Grullo'),
(569, '14', 'Guachinango'),
(570, '14', 'Guadalajara'),
(571, '14', 'Hostotipaquillo'),
(572, '14', 'Huej&uacute;car'),
(573, '14', 'Huejuquilla el Alto'),
(574, '14', 'La Huerta'),
(575, '14', 'Ixtlahuac&aacute;n de los Membrillos'),
(576, '14', 'Ixtlahuac&aacute;n del R&iacute;o'),
(577, '14', 'Jalostotitl&aacute;n'),
(578, '14', 'Jamay'),
(579, '14', 'Jes&uacute;s Mar&iacute;a'),
(580, '14', 'Jilotl&aacute;n de los Dolores'),
(581, '14', 'Jocotepec'),
(582, '14', 'Juanacatl&aacute;n'),
(583, '14', 'Juchitl&aacute;n'),
(584, '14', 'Lagos de Moreno'),
(585, '14', 'El Lim&oacute;n'),
(586, '14', 'Magdalena'),
(587, '14', 'Santa Mar&iacute;a del Oro'),
(588, '14', 'La Manzanilla de la Paz'),
(589, '14', 'Mascota'),
(590, '14', 'Mazamitla'),
(591, '14', 'Mexticac&aacute;n'),
(592, '14', 'Mezquitic'),
(593, '14', 'Mixtl&aacute;n'),
(594, '14', 'Ocotl&aacute;n'),
(595, '14', 'Ojuelos de Jalisco'),
(596, '14', 'Pihuamo'),
(597, '14', 'Poncitl&aacute;n'),
(598, '14', 'Puerto Vallarta'),
(599, '14', 'Villa Purificaci&oacute;n'),
(600, '14', 'Quitupan'),
(601, '14', 'El Salto'),
(602, '14', 'San Crist&oacute;bal de la Barranca'),
(603, '14', 'San Diego de Alejandr&iacute;a'),
(604, '14', 'San Juan de los Lagos'),
(605, '14', 'San Juli&aacute;n'),
(606, '14', 'San Marcos'),
(607, '14', 'San Mart&iacute;n de Bola&ntilde;os'),
(608, '14', 'San Mart&iacute;n Hidalgo'),
(609, '14', 'San Miguel el Alto'),
(610, '14', 'G&oacute;mez Far&iacute;as'),
(611, '14', 'San Sebasti&aacute;n del Oeste'),
(612, '14', 'Santa Mar&iacute;a de los &Aacute;ngeles'),
(613, '14', 'Sayula'),
(614, '14', 'Tala'),
(615, '14', 'Talpa de Allende'),
(616, '14', 'Tamazula de Gordiano'),
(617, '14', 'Tapalpa'),
(618, '14', 'Tecalitl&aacute;n'),
(619, '14', 'Tecolotl&aacute;n'),
(620, '14', 'Techaluta de Montenegro'),
(621, '14', 'Tenamaxtl&aacute;n'),
(622, '14', 'Teocaltiche'),
(623, '14', 'Teocuitatl&aacute;n de Corona'),
(624, '14', 'Tepatitl&aacute;n de Morelos'),
(625, '14', 'Tequila'),
(626, '14', 'Teuchitl&aacute;n'),
(627, '14', 'Tizap&aacute;n el Alto'),
(628, '14', 'Tlajomulco de Z&uacute;&ntilde;iga'),
(629, '14', 'Tlaquepaque'),
(630, '14', 'Tolim&aacute;n'),
(631, '14', 'Tomatl&aacute;n'),
(632, '14', 'Tonal&aacute;'),
(633, '14', 'Tonaya'),
(634, '14', 'Tonila'),
(635, '14', 'Totatiche'),
(636, '14', 'Tototl&aacute;n'),
(637, '14', 'Tuxcacuesco'),
(638, '14', 'Tuxcueca'),
(639, '14', 'Tuxpan'),
(640, '14', 'Uni&oacute;n de San Antonio'),
(641, '14', 'Uni&oacute;n de Tula'),
(642, '14', 'Valle de Guadalupe'),
(643, '14', 'Valle de Ju&aacute;rez'),
(644, '14', 'San Gabriel'),
(645, '14', 'Villa Corona'),
(646, '14', 'Villa Guerrero'),
(647, '14', 'Villa Hidalgo'),
(648, '14', 'Ca&ntilde;adas de Obreg&oacute;n'),
(649, '14', 'Yahualica de Gonz&aacute;lez Gallo'),
(650, '14', 'Zacoalco de Torres'),
(651, '14', 'Zapopan'),
(652, '14', 'Zapotiltic'),
(653, '14', 'Zapotitl&aacute;n de Vadillo'),
(654, '14', 'Zapotl&aacute;n del Rey'),
(655, '14', 'Zapotlanejo'),
(656, '14', 'San Ignacio Cerro Gordo'),
(657, '15', 'Acambay'),
(658, '15', 'Acolman'),
(659, '15', 'Aculco'),
(660, '15', 'Almoloya de Alquisiras'),
(661, '15', 'Almoloya de Ju&aacute;rez'),
(662, '15', 'Almoloya del R&iacute;o'),
(663, '15', 'Amanalco'),
(664, '15', 'Amatepec'),
(665, '15', 'Amecameca'),
(666, '15', 'Apaxco'),
(667, '15', 'Atenco'),
(668, '15', 'Atizap&aacute;n'),
(669, '15', 'Atizap&aacute;n de Zaragoza'),
(670, '15', 'Atlacomulco'),
(671, '15', 'Atlautla'),
(672, '15', 'Axapusco'),
(673, '15', 'Ayapango'),
(674, '15', 'Calimaya'),
(675, '15', 'Capulhuac'),
(676, '15', 'Coacalco de Berrioz&aacute;bal'),
(677, '15', 'Coatepec Harinas'),
(678, '15', 'Cocotitl&aacute;n'),
(679, '15', 'Coyotepec'),
(680, '15', 'Cuautitl&aacute;n'),
(681, '15', 'Chalco'),
(682, '15', 'Chapa de Mota'),
(683, '15', 'Chapultepec'),
(684, '15', 'Chiautla'),
(685, '15', 'Chicoloapan'),
(686, '15', 'Chiconcuac'),
(687, '15', 'Chimalhuac&aacute;n'),
(688, '15', 'Donato Guerra'),
(689, '15', 'Ecatepec de Morelos'),
(690, '15', 'Ecatzingo'),
(691, '15', 'Huehuetoca'),
(692, '15', 'Hueypoxtla'),
(693, '15', 'Huixquilucan'),
(694, '15', 'Isidro Fabela'),
(695, '15', 'Ixtapaluca'),
(696, '15', 'Ixtapan de la Sal'),
(697, '15', 'Ixtapan del Oro'),
(698, '15', 'Ixtlahuaca'),
(699, '15', 'Xalatlaco'),
(700, '15', 'Jaltenco'),
(701, '15', 'Jilotepec'),
(702, '15', 'Jilotzingo'),
(703, '15', 'Jiquipilco'),
(704, '15', 'Jocotitl&aacute;n'),
(705, '15', 'Joquicingo'),
(706, '15', 'Juchitepec'),
(707, '15', 'Lerma'),
(708, '15', 'Malinalco'),
(709, '15', 'Melchor Ocampo'),
(710, '15', 'Metepec'),
(711, '15', 'Mexicaltzingo'),
(712, '15', 'Morelos'),
(713, '15', 'Naucalpan de Ju&aacute;rez'),
(714, '15', 'Nezahualc&oacute;yotl'),
(715, '15', 'Nextlalpan'),
(716, '15', 'Nicol&aacute;s Romero'),
(717, '15', 'Nopaltepec'),
(718, '15', 'Ocoyoacac'),
(719, '15', 'Ocuilan'),
(720, '15', 'El Oro'),
(721, '15', 'Otumba'),
(722, '15', 'Otzoloapan'),
(723, '15', 'Otzolotepec'),
(724, '15', 'Ozumba'),
(725, '15', 'Papalotla'),
(726, '15', 'La Paz'),
(727, '15', 'Polotitl&aacute;n'),
(728, '15', 'Ray&oacute;n'),
(729, '15', 'San Antonio la Isla'),
(730, '15', 'San Felipe del Progreso'),
(731, '15', 'San Mart&iacute;n de las Pir&aacute;mides'),
(732, '15', 'San Mateo Atenco'),
(733, '15', 'San Sim&oacute;n de Guerrero'),
(734, '15', 'Santo Tom&aacute;s'),
(735, '15', 'Soyaniquilpan de Ju&aacute;rez'),
(736, '15', 'Sultepec'),
(737, '15', 'Tec&aacute;mac'),
(738, '15', 'Tejupilco'),
(739, '15', 'Temamatla'),
(740, '15', 'Temascalapa'),
(741, '15', 'Temascalcingo'),
(742, '15', 'Temascaltepec'),
(743, '15', 'Temoaya'),
(744, '15', 'Tenancingo'),
(745, '15', 'Tenango del Aire'),
(746, '15', 'Tenango del Valle'),
(747, '15', 'Teoloyuc&aacute;n'),
(748, '15', 'Teotihuac&aacute;n'),
(749, '15', 'Tepetlaoxtoc'),
(750, '15', 'Tepetlixpa'),
(751, '15', 'Tepotzotl&aacute;n'),
(752, '15', 'Tequixquiac'),
(753, '15', 'Texcaltitl&aacute;n'),
(754, '15', 'Texcalyacac'),
(755, '15', 'Texcoco'),
(756, '15', 'Tezoyuca'),
(757, '15', 'Tianguistenco'),
(758, '15', 'Timilpan'),
(759, '15', 'Tlalmanalco'),
(760, '15', 'Tlalnepantla de Baz'),
(761, '15', 'Tlatlaya'),
(762, '15', 'Toluca'),
(763, '15', 'Tonatico'),
(764, '15', 'Tultepec'),
(765, '15', 'Tultitl&aacute;n'),
(766, '15', 'Valle de Bravo'),
(767, '15', 'Villa de Allende'),
(768, '15', 'Villa del Carb&oacute;n'),
(769, '15', 'Villa Guerrero'),
(770, '15', 'Villa Victoria'),
(771, '15', 'Xonacatl&aacute;n'),
(772, '15', 'Zacazonapan'),
(773, '15', 'Zacualpan'),
(774, '15', 'Zinacantepec'),
(775, '15', 'Zumpahuac&aacute;n'),
(776, '15', 'Zumpango'),
(777, '15', 'Cuautitl&aacute;n Izcalli'),
(778, '15', 'Valle de Chalco Solidaridad'),
(779, '15', 'Luvianos'),
(780, '15', 'San Jos&eacute; del Rinc&oacute;n'),
(781, '15', 'Tonanitla'),
(782, '16', 'Acuitzio'),
(783, '16', 'Aguililla'),
(784, '16', '&Aacute;lvaro Obreg&oacute;n'),
(785, '16', 'Angamacutiro'),
(786, '16', 'Angangueo'),
(787, '16', 'Apatzing&aacute;n'),
(788, '16', 'Aporo'),
(789, '16', 'Aquila'),
(790, '16', 'Ario'),
(791, '16', 'Arteaga'),
(792, '16', 'Brise&ntilde;as'),
(793, '16', 'Buenavista'),
(794, '16', 'Car&aacute;cuaro'),
(795, '16', 'Coahuayana'),
(796, '16', 'Coalcom&aacute;n de V&aacute;zquez Pallares'),
(797, '16', 'Coeneo'),
(798, '16', 'Contepec'),
(799, '16', 'Cop&aacute;ndaro'),
(800, '16', 'Cotija'),
(801, '16', 'Cuitzeo'),
(802, '16', 'Charapan'),
(803, '16', 'Charo'),
(804, '16', 'Chavinda'),
(805, '16', 'Cher&aacute;n'),
(806, '16', 'Chilchota'),
(807, '16', 'Chinicuila'),
(808, '16', 'Chuc&aacute;ndiro'),
(809, '16', 'Churintzio'),
(810, '16', 'Churumuco'),
(811, '16', 'Ecuandureo'),
(812, '16', 'Epitacio Huerta'),
(813, '16', 'Erongar&iacute;cuaro'),
(814, '16', 'Gabriel Zamora'),
(815, '16', 'Hidalgo'),
(816, '16', 'La Huacana'),
(817, '16', 'Huandacareo'),
(818, '16', 'Huaniqueo'),
(819, '16', 'Huetamo'),
(820, '16', 'Huiramba'),
(821, '16', 'Indaparapeo'),
(822, '16', 'Irimbo'),
(823, '16', 'Ixtl&aacute;n'),
(824, '16', 'Jacona'),
(825, '16', 'Jim&eacute;nez'),
(826, '16', 'Jiquilpan'),
(827, '16', 'Ju&aacute;rez'),
(828, '16', 'Jungapeo'),
(829, '16', 'Lagunillas'),
(830, '16', 'Madero'),
(831, '16', 'Maravat&iacute;o'),
(832, '16', 'Marcos Castellanos'),
(833, '16', 'L&aacute;zaro C&aacute;rdenas'),
(834, '16', 'Morelia'),
(835, '16', 'Morelos'),
(836, '16', 'M&uacute;gica'),
(837, '16', 'Nahuatzen'),
(838, '16', 'Nocup&eacute;taro'),
(839, '16', 'Nuevo Parangaricutiro'),
(840, '16', 'Nuevo Urecho'),
(841, '16', 'Numar&aacute;n'),
(842, '16', 'Ocampo'),
(843, '16', 'Pajacuar&aacute;n'),
(844, '16', 'Panind&iacute;cuaro'),
(845, '16', 'Par&aacute;cuaro'),
(846, '16', 'Paracho'),
(847, '16', 'P&aacute;tzcuaro'),
(848, '16', 'Penjamillo'),
(849, '16', 'Perib&aacute;n'),
(850, '16', 'La Piedad'),
(851, '16', 'Pur&eacute;pero'),
(852, '16', 'Puru&aacute;ndiro'),
(853, '16', 'Quer&eacute;ndaro'),
(854, '16', 'Quiroga'),
(855, '16', 'Cojumatl&aacute;n de R&eacute;gules'),
(856, '16', 'Los Reyes'),
(857, '16', 'Sahuayo'),
(858, '16', 'San Lucas'),
(859, '16', 'Santa Ana Maya'),
(860, '16', 'Salvador Escalante'),
(861, '16', 'Senguio'),
(862, '16', 'Susupuato'),
(863, '16', 'Tac&aacute;mbaro'),
(864, '16', 'Tanc&iacute;taro'),
(865, '16', 'Tangamandapio'),
(866, '16', 'Tanganc&iacute;cuaro'),
(867, '16', 'Tanhuato'),
(868, '16', 'Taretan'),
(869, '16', 'Tar&iacute;mbaro'),
(870, '16', 'Tepalcatepec'),
(871, '16', 'Tingambato'),
(872, '16', 'Ting&uuml;ind&iacute;n'),
(873, '16', 'Tiquicheo de Nicol&aacute;s Romero'),
(874, '16', 'Tlalpujahua'),
(875, '16', 'Tlazazalca'),
(876, '16', 'Tocumbo'),
(877, '16', 'Tumbiscat&iacute;o'),
(878, '16', 'Turicato'),
(879, '16', 'Tuxpan'),
(880, '16', 'Tuzantla'),
(881, '16', 'Tzintzuntzan'),
(882, '16', 'Tzitzio'),
(883, '16', 'Uruapan'),
(884, '16', 'Venustiano Carranza'),
(885, '16', 'Villamar'),
(886, '16', 'Vista Hermosa'),
(887, '16', 'Yur&eacute;cuaro'),
(888, '16', 'Zacapu'),
(889, '16', 'Zamora'),
(890, '16', 'Zin&aacute;paro'),
(891, '16', 'Zinap&eacute;cuaro'),
(892, '16', 'Ziracuaretiro'),
(893, '16', 'Zit&aacute;cuaro'),
(894, '16', 'Jos&eacute; Sixto Verduzco'),
(895, '17', 'Amacuzac'),
(896, '17', 'Atlatlahucan'),
(897, '17', 'Axochiapan'),
(898, '17', 'Ayala'),
(899, '17', 'Coatl&aacute;n del R&iacute;o'),
(900, '17', 'Cuautla'),
(901, '17', 'Cuernavaca'),
(902, '17', 'Emiliano Zapata'),
(903, '17', 'Huitzilac'),
(904, '17', 'Jantetelco'),
(905, '17', 'Jiutepec'),
(906, '17', 'Jojutla'),
(907, '17', 'Jonacatepec'),
(908, '17', 'Mazatepec'),
(909, '17', 'Miacatl&aacute;n'),
(910, '17', 'Ocuituco'),
(911, '17', 'Puente de Ixtla'),
(912, '17', 'Temixco'),
(913, '17', 'Tepalcingo'),
(914, '17', 'Tepoztl&aacute;n'),
(915, '17', 'Tetecala'),
(916, '17', 'Tetela del Volc&aacute;n'),
(917, '17', 'Tlalnepantla'),
(918, '17', 'Tlaltizap&aacute;n'),
(919, '17', 'Tlaquiltenango'),
(920, '17', 'Tlayacapan'),
(921, '17', 'Totolapan'),
(922, '17', 'Xochitepec'),
(923, '17', 'Yautepec'),
(924, '17', 'Yecapixtla'),
(925, '17', 'Zacatepec'),
(926, '17', 'Zacualpan'),
(927, '17', 'Temoac'),
(928, '18', 'Acaponeta'),
(929, '18', 'Ahuacatl&aacute;n'),
(930, '18', 'Amatl&aacute;n de Ca&ntilde;as'),
(931, '18', 'Compostela'),
(932, '18', 'Huajicori'),
(933, '18', 'Ixtl&aacute;n del R&iacute;o'),
(934, '18', 'Jala'),
(935, '18', 'Xalisco'),
(936, '18', 'Del Nayar'),
(937, '18', 'Rosamorada'),
(938, '18', 'Ru&iacute;z'),
(939, '18', 'San Blas'),
(940, '18', 'San Pedro Lagunillas'),
(941, '18', 'Santa Mar&iacute;a del Oro'),
(942, '18', 'Santiago Ixcuintla'),
(943, '18', 'Tecuala'),
(944, '18', 'Tepic'),
(945, '18', 'Tuxpan'),
(946, '18', 'La Yesca'),
(947, '18', 'Bah&iacute;a de Banderas'),
(948, '19', 'Abasolo'),
(949, '19', 'Agualeguas'),
(950, '19', 'Los Aldamas'),
(951, '19', 'Allende'),
(952, '19', 'An&aacute;huac'),
(953, '19', 'Apodaca'),
(954, '19', 'Aramberri'),
(955, '19', 'Bustamante'),
(956, '19', 'Cadereyta Jim&eacute;nez'),
(957, '19', 'Carmen'),
(958, '19', 'Cerralvo'),
(959, '19', 'Ci&eacute;nega de Flores'),
(960, '19', 'China'),
(961, '19', 'Dr. Arroyo'),
(962, '19', 'Dr. Coss'),
(963, '19', 'Dr. Gonz&aacute;lez'),
(964, '19', 'Galeana'),
(965, '19', 'Garc&iacute;a'),
(966, '19', 'San Pedro Garza Garc&iacute;a'),
(967, '19', 'Gral. Bravo'),
(968, '19', 'Gral. Escobedo'),
(969, '19', 'Gral. Ter&aacute;n'),
(970, '19', 'Gral. Trevi&ntilde;o'),
(971, '19', 'Gral. Zaragoza'),
(972, '19', 'Gral. Zuazua'),
(973, '19', 'Guadalupe'),
(974, '19', 'Los Herreras'),
(975, '19', 'Higueras'),
(976, '19', 'Hualahuises'),
(977, '19', 'Iturbide'),
(978, '19', 'Ju&aacute;rez'),
(979, '19', 'Lampazos de Naranjo'),
(980, '19', 'Linares'),
(981, '19', 'Mar&iacute;n'),
(982, '19', 'Melchor Ocampo'),
(983, '19', 'Mier y Noriega'),
(984, '19', 'Mina'),
(985, '19', 'Montemorelos'),
(986, '19', 'Monterrey'),
(987, '19', 'Par&aacute;s'),
(988, '19', 'Pesquer&iacute;a'),
(989, '19', 'Los Ramones'),
(990, '19', 'Rayones'),
(991, '19', 'Sabinas Hidalgo'),
(992, '19', 'Salinas Victoria'),
(993, '19', 'San Nicol&aacute;s de los Garza'),
(994, '19', 'Hidalgo'),
(995, '19', 'Santa Catarina'),
(996, '19', 'Santiago'),
(997, '19', 'Vallecillo'),
(998, '19', 'Villaldama'),
(999, '20', 'Abejones'),
(1000, '20', 'Acatl&aacute;n de P&eacute;rez Figueroa'),
(1001, '20', 'Asunci&oacute;n Cacalotepec'),
(1002, '20', 'Asunci&oacute;n Cuyotepeji'),
(1003, '20', 'Asunci&oacute;n Ixtaltepec'),
(1004, '20', 'Asunci&oacute;n Nochixtl&aacute;n'),
(1005, '20', 'Asunci&oacute;n Ocotl&aacute;n'),
(1006, '20', 'Asunci&oacute;n Tlacolulita'),
(1007, '20', 'Ayotzintepec'),
(1008, '20', 'El Barrio de la Soledad'),
(1009, '20', 'Calihual&aacute;'),
(1010, '20', 'Candelaria Loxicha'),
(1011, '20', 'Ci&eacute;nega de Zimatl&aacute;n'),
(1012, '20', 'Ciudad Ixtepec'),
(1013, '20', 'Coatecas Altas'),
(1014, '20', 'Coicoy&aacute;n de las Flores'),
(1015, '20', 'La Compa&ntilde;&iacute;a'),
(1016, '20', 'Concepci&oacute;n Buenavista'),
(1017, '20', 'Concepci&oacute;n P&aacute;palo'),
(1018, '20', 'Constancia del Rosario'),
(1019, '20', 'Cosolapa'),
(1020, '20', 'Cosoltepec'),
(1021, '20', 'Cuil&aacute;pam de Guerrero'),
(1022, '20', 'Cuyamecalco Villa de Zaragoza'),
(1023, '20', 'Chahuites'),
(1024, '20', 'Chalcatongo de Hidalgo'),
(1025, '20', 'Chiquihuitl&aacute;n de Benito Ju&aacute;rez'),
(1026, '20', 'Heroica Ciudad de Ejutla de Crespo'),
(1027, '20', 'Eloxochitl&aacute;n de Flores Mag&oacute;n'),
(1028, '20', 'El Espinal'),
(1029, '20', 'Tamazul&aacute;pam del Esp&iacute;ritu Santo'),
(1030, '20', 'Fresnillo de Trujano'),
(1031, '20', 'Guadalupe Etla'),
(1032, '20', 'Guadalupe de Ram&iacute;rez'),
(1033, '20', 'Guelatao de Ju&aacute;rez'),
(1034, '20', 'Guevea de Humboldt'),
(1035, '20', 'Mesones Hidalgo'),
(1036, '20', 'Villa Hidalgo'),
(1037, '20', 'Heroica Ciudad de Huajuapan de Le&oacute;n'),
(1038, '20', 'Huautepec'),
(1039, '20', 'Huautla de Jim&eacute;nez'),
(1040, '20', 'Ixtl&aacute;n de Ju&aacute;rez'),
(1041, '20', 'Heroica Ciudad de Juchit&aacute;n de Zaragoza'),
(1042, '20', 'Loma Bonita'),
(1043, '20', 'Magdalena Apasco'),
(1044, '20', 'Magdalena Jaltepec'),
(1045, '20', 'Santa Magdalena Jicotl&aacute;n'),
(1046, '20', 'Magdalena Mixtepec'),
(1047, '20', 'Magdalena Ocotl&aacute;n'),
(1048, '20', 'Magdalena Pe&ntilde;asco'),
(1049, '20', 'Magdalena Teitipac'),
(1050, '20', 'Magdalena Tequisistl&aacute;n'),
(1051, '20', 'Magdalena Tlacotepec'),
(1052, '20', 'Magdalena Zahuatl&aacute;n'),
(1053, '20', 'Mariscala de Ju&aacute;rez'),
(1054, '20', 'M&aacute;rtires de Tacubaya'),
(1055, '20', 'Mat&iacute;as Romero Avenda&ntilde;o'),
(1056, '20', 'Mazatl&aacute;n Villa de Flores'),
(1057, '20', 'Miahuatl&aacute;n de Porfirio D&iacute;az'),
(1058, '20', 'Mixistl&aacute;n de la Reforma'),
(1059, '20', 'Monjas'),
(1060, '20', 'Natividad'),
(1061, '20', 'Nazareno Etla'),
(1062, '20', 'Nejapa de Madero'),
(1063, '20', 'Ixpantepec Nieves'),
(1064, '20', 'Santiago Niltepec'),
(1065, '20', 'Oaxaca de Ju&aacute;rez'),
(1066, '20', 'Ocotl&aacute;n de Morelos'),
(1067, '20', 'La Pe'),
(1068, '20', 'Pinotepa de Don Luis'),
(1069, '20', 'Pluma Hidalgo'),
(1070, '20', 'San Jos&eacute; del Progreso'),
(1071, '20', 'Putla Villa de Guerrero'),
(1072, '20', 'Santa Catarina Quioquitani'),
(1073, '20', 'Reforma de Pineda'),
(1074, '20', 'La Reforma'),
(1075, '20', 'Reyes Etla'),
(1076, '20', 'Rojas de Cuauht&eacute;moc'),
(1077, '20', 'Salina Cruz'),
(1078, '20', 'San Agust&iacute;n Amatengo'),
(1079, '20', 'San Agust&iacute;n Atenango'),
(1080, '20', 'San Agust&iacute;n Chayuco'),
(1081, '20', 'San Agust&iacute;n de las Juntas'),
(1082, '20', 'San Agust&iacute;n Etla'),
(1083, '20', 'San Agust&iacute;n Loxicha'),
(1084, '20', 'San Agust&iacute;n Tlacotepec'),
(1085, '20', 'San Agust&iacute;n Yatareni'),
(1086, '20', 'San Andr&eacute;s Cabecera Nueva'),
(1087, '20', 'San Andr&eacute;s Dinicuiti'),
(1088, '20', 'San Andr&eacute;s Huaxpaltepec'),
(1089, '20', 'San Andr&eacute;s Huay&aacute;pam'),
(1090, '20', 'San Andr&eacute;s Ixtlahuaca'),
(1091, '20', 'San Andr&eacute;s Lagunas'),
(1092, '20', 'San Andr&eacute;s Nuxi&ntilde;o'),
(1093, '20', 'San Andr&eacute;s Paxtl&aacute;n'),
(1094, '20', 'San Andr&eacute;s Sinaxtla'),
(1095, '20', 'San Andr&eacute;s Solaga'),
(1096, '20', 'San Andr&eacute;s Teotil&aacute;lpam'),
(1097, '20', 'San Andr&eacute;s Tepetlapa'),
(1098, '20', 'San Andr&eacute;s Ya&aacute;'),
(1099, '20', 'San Andr&eacute;s Zabache'),
(1100, '20', 'San Andr&eacute;s Zautla'),
(1101, '20', 'San Antonino Castillo Velasco'),
(1102, '20', 'San Antonino el Alto'),
(1103, '20', 'San Antonino Monte Verde'),
(1104, '20', 'San Antonio Acutla'),
(1105, '20', 'San Antonio de la Cal'),
(1106, '20', 'San Antonio Huitepec'),
(1107, '20', 'San Antonio Nanahuat&iacute;pam'),
(1108, '20', 'San Antonio Sinicahua'),
(1109, '20', 'San Antonio Tepetlapa'),
(1110, '20', 'San Baltazar Chichic&aacute;pam'),
(1111, '20', 'San Baltazar Loxicha'),
(1112, '20', 'San Baltazar Yatzachi el Bajo'),
(1113, '20', 'San Bartolo Coyotepec'),
(1114, '20', 'San Bartolom&eacute; Ayautla'),
(1115, '20', 'San Bartolom&eacute; Loxicha'),
(1116, '20', 'San Bartolom&eacute; Quialana'),
(1117, '20', 'San Bartolom&eacute; Yucua&ntilde;e'),
(1118, '20', 'San Bartolom&eacute; Zoogocho'),
(1119, '20', 'San Bartolo Soyaltepec'),
(1120, '20', 'San Bartolo Yautepec'),
(1121, '20', 'San Bernardo Mixtepec'),
(1122, '20', 'San Blas Atempa'),
(1123, '20', 'San Carlos Yautepec'),
(1124, '20', 'San Crist&oacute;bal Amatl&aacute;n'),
(1125, '20', 'San Crist&oacute;bal Amoltepec'),
(1126, '20', 'San Crist&oacute;bal Lachirioag'),
(1127, '20', 'San Crist&oacute;bal Suchixtlahuaca'),
(1128, '20', 'San Dionisio del Mar'),
(1129, '20', 'San Dionisio Ocotepec'),
(1130, '20', 'San Dionisio Ocotl&aacute;n'),
(1131, '20', 'San Esteban Atatlahuca'),
(1132, '20', 'San Felipe Jalapa de D&iacute;az'),
(1133, '20', 'San Felipe Tejal&aacute;pam'),
(1134, '20', 'San Felipe Usila'),
(1135, '20', 'San Francisco Cahuacu&aacute;'),
(1136, '20', 'San Francisco Cajonos'),
(1137, '20', 'San Francisco Chapulapa'),
(1138, '20', 'San Francisco Chind&uacute;a'),
(1139, '20', 'San Francisco del Mar'),
(1140, '20', 'San Francisco Huehuetl&aacute;n'),
(1141, '20', 'San Francisco Ixhuat&aacute;n'),
(1142, '20', 'San Francisco Jaltepetongo'),
(1143, '20', 'San Francisco Lachigol&oacute;'),
(1144, '20', 'San Francisco Logueche'),
(1145, '20', 'San Francisco Nuxa&ntilde;o'),
(1146, '20', 'San Francisco Ozolotepec'),
(1147, '20', 'San Francisco Sola'),
(1148, '20', 'San Francisco Telixtlahuaca'),
(1149, '20', 'San Francisco Teopan'),
(1150, '20', 'San Francisco Tlapancingo'),
(1151, '20', 'San Gabriel Mixtepec'),
(1152, '20', 'San Ildefonso Amatl&aacute;n'),
(1153, '20', 'San Ildefonso Sola'),
(1154, '20', 'San Ildefonso Villa Alta'),
(1155, '20', 'San Jacinto Amilpas'),
(1156, '20', 'San Jacinto Tlacotepec'),
(1157, '20', 'San Jer&oacute;nimo Coatl&aacute;n'),
(1158, '20', 'San Jer&oacute;nimo Silacayoapilla'),
(1159, '20', 'San Jer&oacute;nimo Sosola'),
(1160, '20', 'San Jer&oacute;nimo Taviche'),
(1161, '20', 'San Jer&oacute;nimo Tec&oacute;atl'),
(1162, '20', 'San Jorge Nuchita'),
(1163, '20', 'San Jos&eacute; Ayuquila'),
(1164, '20', 'San Jos&eacute; Chiltepec'),
(1165, '20', 'San Jos&eacute; del Pe&ntilde;asco'),
(1166, '20', 'San Jos&eacute; Estancia Grande'),
(1167, '20', 'San Jos&eacute; Independencia'),
(1168, '20', 'San Jos&eacute; Lachiguiri'),
(1169, '20', 'San Jos&eacute; Tenango'),
(1170, '20', 'San Juan Achiutla'),
(1171, '20', 'San Juan Atepec'),
(1172, '20', '&Aacute;nimas Trujano'),
(1173, '20', 'San Juan Bautista Atatlahuca'),
(1174, '20', 'San Juan Bautista Coixtlahuaca'),
(1175, '20', 'San Juan Bautista Cuicatl&aacute;n'),
(1176, '20', 'San Juan Bautista Guelache'),
(1177, '20', 'San Juan Bautista Jayacatl&aacute;n'),
(1178, '20', 'San Juan Bautista Lo de Soto'),
(1179, '20', 'San Juan Bautista Suchitepec'),
(1180, '20', 'San Juan Bautista Tlacoatzintepec'),
(1181, '20', 'San Juan Bautista Tlachichilco'),
(1182, '20', 'San Juan Bautista Tuxtepec'),
(1183, '20', 'San Juan Cacahuatepec'),
(1184, '20', 'San Juan Cieneguilla'),
(1185, '20', 'San Juan Coatz&oacute;spam'),
(1186, '20', 'San Juan Colorado'),
(1187, '20', 'San Juan Comaltepec'),
(1188, '20', 'San Juan Cotzoc&oacute;n'),
(1189, '20', 'San Juan Chicomez&uacute;chil'),
(1190, '20', 'San Juan Chilateca'),
(1191, '20', 'San Juan del Estado'),
(1192, '20', 'San Juan del R&iacute;o'),
(1193, '20', 'San Juan Diuxi'),
(1194, '20', 'San Juan Evangelista Analco'),
(1195, '20', 'San Juan Guelav&iacute;a'),
(1196, '20', 'San Juan Guichicovi'),
(1197, '20', 'San Juan Ihualtepec'),
(1198, '20', 'San Juan Juquila Mixes'),
(1199, '20', 'San Juan Juquila Vijanos'),
(1200, '20', 'San Juan Lachao'),
(1201, '20', 'San Juan Lachigalla'),
(1202, '20', 'San Juan Lajarcia'),
(1203, '20', 'San Juan Lalana'),
(1204, '20', 'San Juan de los Cu&eacute;s'),
(1205, '20', 'San Juan Mazatl&aacute;n'),
(1206, '20', 'San Juan Mixtepec -Dto. 08 -'),
(1207, '20', 'San Juan Mixtepec -Dto. 26 -'),
(1208, '20', 'San Juan &Ntilde;um&iacute;'),
(1209, '20', 'San Juan Ozolotepec'),
(1210, '20', 'San Juan Petlapa'),
(1211, '20', 'San Juan Quiahije'),
(1212, '20', 'San Juan Quiotepec'),
(1213, '20', 'San Juan Sayultepec'),
(1214, '20', 'San Juan Taba&aacute;'),
(1215, '20', 'San Juan Tamazola'),
(1216, '20', 'San Juan Teita'),
(1217, '20', 'San Juan Teitipac'),
(1218, '20', 'San Juan Tepeuxila'),
(1219, '20', 'San Juan Teposcolula'),
(1220, '20', 'San Juan Yae&eacute;'),
(1221, '20', 'San Juan Yatzona'),
(1222, '20', 'San Juan Yucuita'),
(1223, '20', 'San Lorenzo'),
(1224, '20', 'San Lorenzo Albarradas'),
(1225, '20', 'San Lorenzo Cacaotepec'),
(1226, '20', 'San Lorenzo Cuaunecuiltitla'),
(1227, '20', 'San Lorenzo Texmel&uacute;can'),
(1228, '20', 'San Lorenzo Victoria'),
(1229, '20', 'San Lucas Camotl&aacute;n'),
(1230, '20', 'San Lucas Ojitl&aacute;n'),
(1231, '20', 'San Lucas Quiavin&iacute;'),
(1232, '20', 'San Lucas Zoqui&aacute;pam'),
(1233, '20', 'San Luis Amatl&aacute;n'),
(1234, '20', 'San Marcial Ozolotepec'),
(1235, '20', 'San Marcos Arteaga'),
(1236, '20', 'San Mart&iacute;n de los Cansecos'),
(1237, '20', 'San Mart&iacute;n Huamel&uacute;lpam'),
(1238, '20', 'San Mart&iacute;n Itunyoso'),
(1239, '20', 'San Mart&iacute;n Lachil&aacute;'),
(1240, '20', 'San Mart&iacute;n Peras'),
(1241, '20', 'San Mart&iacute;n Tilcajete'),
(1242, '20', 'San Mart&iacute;n Toxpalan'),
(1243, '20', 'San Mart&iacute;n Zacatepec'),
(1244, '20', 'San Mateo Cajonos'),
(1245, '20', 'Capul&aacute;lpam de M&eacute;ndez'),
(1246, '20', 'San Mateo del Mar'),
(1247, '20', 'San Mateo Yoloxochitl&aacute;n'),
(1248, '20', 'San Mateo Etlatongo'),
(1249, '20', 'San Mateo Nej&aacute;pam'),
(1250, '20', 'San Mateo Pe&ntilde;asco'),
(1251, '20', 'San Mateo Pi&ntilde;as'),
(1252, '20', 'San Mateo R&iacute;o Hondo'),
(1253, '20', 'San Mateo Sindihui'),
(1254, '20', 'San Mateo Tlapiltepec'),
(1255, '20', 'San Melchor Betaza'),
(1256, '20', 'San Miguel Achiutla'),
(1257, '20', 'San Miguel Ahuehuetitl&aacute;n'),
(1258, '20', 'San Miguel Alo&aacute;pam'),
(1259, '20', 'San Miguel Amatitl&aacute;n'),
(1260, '20', 'San Miguel Amatl&aacute;n'),
(1261, '20', 'San Miguel Coatl&aacute;n'),
(1262, '20', 'San Miguel Chicahua'),
(1263, '20', 'San Miguel Chimalapa'),
(1264, '20', 'San Miguel del Puerto'),
(1265, '20', 'San Miguel del R&iacute;o'),
(1266, '20', 'San Miguel Ejutla'),
(1267, '20', 'San Miguel el Grande'),
(1268, '20', 'San Miguel Huautla'),
(1269, '20', 'San Miguel Mixtepec'),
(1270, '20', 'San Miguel Panixtlahuaca'),
(1271, '20', 'San Miguel Peras'),
(1272, '20', 'San Miguel Piedras'),
(1273, '20', 'San Miguel Quetzaltepec'),
(1274, '20', 'San Miguel Santa Flor'),
(1275, '20', 'Villa Sola de Vega'),
(1276, '20', 'San Miguel Soyaltepec'),
(1277, '20', 'San Miguel Suchixtepec'),
(1278, '20', 'Villa Talea de Castro'),
(1279, '20', 'San Miguel Tecomatl&aacute;n'),
(1280, '20', 'San Miguel Tenango'),
(1281, '20', 'San Miguel Tequixtepec'),
(1282, '20', 'San Miguel Tilqui&aacute;pam'),
(1283, '20', 'San Miguel Tlacamama'),
(1284, '20', 'San Miguel Tlacotepec'),
(1285, '20', 'San Miguel Tulancingo'),
(1286, '20', 'San Miguel Yotao'),
(1287, '20', 'San Nicol&aacute;s'),
(1288, '20', 'San Nicol&aacute;s Hidalgo'),
(1289, '20', 'San Pablo Coatl&aacute;n'),
(1290, '20', 'San Pablo Cuatro Venados'),
(1291, '20', 'San Pablo Etla'),
(1292, '20', 'San Pablo Huitzo'),
(1293, '20', 'San Pablo Huixtepec'),
(1294, '20', 'San Pablo Macuiltianguis'),
(1295, '20', 'San Pablo Tijaltepec'),
(1296, '20', 'San Pablo Villa de Mitla'),
(1297, '20', 'San Pablo Yaganiza'),
(1298, '20', 'San Pedro Amuzgos'),
(1299, '20', 'San Pedro Ap&oacute;stol'),
(1300, '20', 'San Pedro Atoyac'),
(1301, '20', 'San Pedro Cajonos'),
(1302, '20', 'San Pedro Coxcaltepec C&aacute;ntaros'),
(1303, '20', 'San Pedro Comitancillo'),
(1304, '20', 'San Pedro el Alto'),
(1305, '20', 'San Pedro Huamelula'),
(1306, '20', 'San Pedro Huilotepec'),
(1307, '20', 'San Pedro Ixcatl&aacute;n'),
(1308, '20', 'San Pedro Ixtlahuaca'),
(1309, '20', 'San Pedro Jaltepetongo'),
(1310, '20', 'San Pedro Jicay&aacute;n'),
(1311, '20', 'San Pedro Jocotipac'),
(1312, '20', 'San Pedro Juchatengo'),
(1313, '20', 'San Pedro M&aacute;rtir'),
(1314, '20', 'San Pedro M&aacute;rtir Quiechapa'),
(1315, '20', 'San Pedro M&aacute;rtir Yucuxaco'),
(1316, '20', 'San Pedro Mixtepec -Dto. 22 -'),
(1317, '20', 'San Pedro Mixtepec -Dto. 26 -'),
(1318, '20', 'San Pedro Molinos'),
(1319, '20', 'San Pedro Nopala'),
(1320, '20', 'San Pedro Ocopetatillo'),
(1321, '20', 'San Pedro Ocotepec'),
(1322, '20', 'San Pedro Pochutla'),
(1323, '20', 'San Pedro Quiatoni'),
(1324, '20', 'San Pedro Sochi&aacute;pam'),
(1325, '20', 'San Pedro Tapanatepec'),
(1326, '20', 'San Pedro Taviche'),
(1327, '20', 'San Pedro Teozacoalco'),
(1328, '20', 'San Pedro Teutila'),
(1329, '20', 'San Pedro Tida&aacute;'),
(1330, '20', 'San Pedro Topiltepec'),
(1331, '20', 'San Pedro Totol&aacute;pam'),
(1332, '20', 'Villa de Tututepec de Melchor Ocampo'),
(1333, '20', 'San Pedro Yaneri'),
(1334, '20', 'San Pedro Y&oacute;lox'),
(1335, '20', 'San Pedro y San Pablo Ayutla'),
(1336, '20', 'Villa de Etla'),
(1337, '20', 'San Pedro y San Pablo Teposcolula'),
(1338, '20', 'San Pedro y San Pablo Tequixtepec'),
(1339, '20', 'San Pedro Yucunama'),
(1340, '20', 'San Raymundo Jalpan'),
(1341, '20', 'San Sebasti&aacute;n Abasolo'),
(1342, '20', 'San Sebasti&aacute;n Coatl&aacute;n'),
(1343, '20', 'San Sebasti&aacute;n Ixcapa'),
(1344, '20', 'San Sebasti&aacute;n Nicananduta'),
(1345, '20', 'San Sebasti&aacute;n R&iacute;o Hondo'),
(1346, '20', 'San Sebasti&aacute;n Tecomaxtlahuaca'),
(1347, '20', 'San Sebasti&aacute;n Teitipac'),
(1348, '20', 'San Sebasti&aacute;n Tutla'),
(1349, '20', 'San Sim&oacute;n Almolongas'),
(1350, '20', 'San Sim&oacute;n Zahuatl&aacute;n'),
(1351, '20', 'Santa Ana'),
(1352, '20', 'Santa Ana Ateixtlahuaca'),
(1353, '20', 'Santa Ana Cuauht&eacute;moc'),
(1354, '20', 'Santa Ana del Valle'),
(1355, '20', 'Santa Ana Tavela'),
(1356, '20', 'Santa Ana Tlapacoyan'),
(1357, '20', 'Santa Ana Yareni'),
(1358, '20', 'Santa Ana Zegache'),
(1359, '20', 'Santa Catalina Quier&iacute;'),
(1360, '20', 'Santa Catarina Cuixtla'),
(1361, '20', 'Santa Catarina Ixtepeji'),
(1362, '20', 'Santa Catarina Juquila'),
(1363, '20', 'Santa Catarina Lachatao'),
(1364, '20', 'Santa Catarina Loxicha'),
(1365, '20', 'Santa Catarina Mechoac&aacute;n'),
(1366, '20', 'Santa Catarina Minas'),
(1367, '20', 'Santa Catarina Quian&eacute;'),
(1368, '20', 'Santa Catarina Tayata'),
(1369, '20', 'Santa Catarina Ticu&aacute;'),
(1370, '20', 'Santa Catarina Yosonot&uacute;'),
(1371, '20', 'Santa Catarina Zapoquila'),
(1372, '20', 'Santa Cruz Acatepec'),
(1373, '20', 'Santa Cruz Amilpas'),
(1374, '20', 'Santa Cruz de Bravo'),
(1375, '20', 'Santa Cruz Itundujia'),
(1376, '20', 'Santa Cruz Mixtepec'),
(1377, '20', 'Santa Cruz Nundaco'),
(1378, '20', 'Santa Cruz Papalutla'),
(1379, '20', 'Santa Cruz Tacache de Mina'),
(1380, '20', 'Santa Cruz Tacahua'),
(1381, '20', 'Santa Cruz Tayata'),
(1382, '20', 'Santa Cruz Xitla'),
(1383, '20', 'Santa Cruz Xoxocotl&aacute;n'),
(1384, '20', 'Santa Cruz Zenzontepec'),
(1385, '20', 'Santa Gertrudis'),
(1386, '20', 'Santa In&eacute;s del Monte'),
(1387, '20', 'Santa In&eacute;s Yatzeche'),
(1388, '20', 'Santa Luc&iacute;a del Camino'),
(1389, '20', 'Santa Luc&iacute;a Miahuatl&aacute;n'),
(1390, '20', 'Santa Luc&iacute;a Monteverde'),
(1391, '20', 'Santa Luc&iacute;a Ocotl&aacute;n'),
(1392, '20', 'Santa Mar&iacute;a Alotepec'),
(1393, '20', 'Santa Mar&iacute;a Apazco'),
(1394, '20', 'Santa Mar&iacute;a la Asunci&oacute;n'),
(1395, '20', 'Heroica Ciudad de Tlaxiaco'),
(1396, '20', 'Ayoquezco de Aldama'),
(1397, '20', 'Santa Mar&iacute;a Atzompa'),
(1398, '20', 'Santa Mar&iacute;a Camotl&aacute;n'),
(1399, '20', 'Santa Mar&iacute;a Colotepec'),
(1400, '20', 'Santa Mar&iacute;a Cortijo'),
(1401, '20', 'Santa Mar&iacute;a Coyotepec'),
(1402, '20', 'Santa Mar&iacute;a Chacho&aacute;pam'),
(1403, '20', 'Villa de Chilapa de D&iacute;az'),
(1404, '20', 'Santa Mar&iacute;a Chilchotla'),
(1405, '20', 'Santa Mar&iacute;a Chimalapa'),
(1406, '20', 'Santa Mar&iacute;a del Rosario'),
(1407, '20', 'Santa Mar&iacute;a del Tule'),
(1408, '20', 'Santa Mar&iacute;a Ecatepec'),
(1409, '20', 'Santa Mar&iacute;a Guelac&eacute;'),
(1410, '20', 'Santa Mar&iacute;a Guienagati'),
(1411, '20', 'Santa Mar&iacute;a Huatulco'),
(1412, '20', 'Santa Mar&iacute;a Huazolotitl&aacute;n'),
(1413, '20', 'Santa Mar&iacute;a Ipalapa'),
(1414, '20', 'Santa Mar&iacute;a Ixcatl&aacute;n'),
(1415, '20', 'Santa Mar&iacute;a Jacatepec'),
(1416, '20', 'Santa Mar&iacute;a Jalapa del Marqu&eacute;s'),
(1417, '20', 'Santa Mar&iacute;a Jaltianguis'),
(1418, '20', 'Santa Mar&iacute;a Lachix&iacute;o'),
(1419, '20', 'Santa Mar&iacute;a Mixtequilla'),
(1420, '20', 'Santa Mar&iacute;a Nativitas'),
(1421, '20', 'Santa Mar&iacute;a Nduayaco'),
(1422, '20', 'Santa Mar&iacute;a Ozolotepec'),
(1423, '20', 'Santa Mar&iacute;a P&aacute;palo'),
(1424, '20', 'Santa Mar&iacute;a Pe&ntilde;oles'),
(1425, '20', 'Santa Mar&iacute;a Petapa'),
(1426, '20', 'Santa Mar&iacute;a Quiegolani'),
(1427, '20', 'Santa Mar&iacute;a Sola'),
(1428, '20', 'Santa Mar&iacute;a Tataltepec'),
(1429, '20', 'Santa Mar&iacute;a Tecomavaca'),
(1430, '20', 'Santa Mar&iacute;a Temaxcalapa'),
(1431, '20', 'Santa Mar&iacute;a Temaxcaltepec'),
(1432, '20', 'Santa Mar&iacute;a Teopoxco'),
(1433, '20', 'Santa Mar&iacute;a Tepantlali'),
(1434, '20', 'Santa Mar&iacute;a Texcatitl&aacute;n'),
(1435, '20', 'Santa Mar&iacute;a Tlahuitoltepec'),
(1436, '20', 'Santa Mar&iacute;a Tlalixtac'),
(1437, '20', 'Santa Mar&iacute;a Tonameca'),
(1438, '20', 'Santa Mar&iacute;a Totolapilla'),
(1439, '20', 'Santa Mar&iacute;a Xadani'),
(1440, '20', 'Santa Mar&iacute;a Yalina'),
(1441, '20', 'Santa Mar&iacute;a Yaves&iacute;a'),
(1442, '20', 'Santa Mar&iacute;a Yolotepec'),
(1443, '20', 'Santa Mar&iacute;a Yosoy&uacute;a'),
(1444, '20', 'Santa Mar&iacute;a Yucuhiti'),
(1445, '20', 'Santa Mar&iacute;a Zacatepec'),
(1446, '20', 'Santa Mar&iacute;a Zaniza'),
(1447, '20', 'Santa Mar&iacute;a Zoquitl&aacute;n'),
(1448, '20', 'Santiago Amoltepec'),
(1449, '20', 'Santiago Apoala'),
(1450, '20', 'Santiago Ap&oacute;stol'),
(1451, '20', 'Santiago Astata'),
(1452, '20', 'Santiago Atitl&aacute;n'),
(1453, '20', 'Santiago Ayuquililla'),
(1454, '20', 'Santiago Cacaloxtepec'),
(1455, '20', 'Santiago Camotl&aacute;n'),
(1456, '20', 'Santiago Comaltepec'),
(1457, '20', 'Santiago Chazumba'),
(1458, '20', 'Santiago Cho&aacute;pam'),
(1459, '20', 'Santiago del R&iacute;o'),
(1460, '20', 'Santiago Huajolotitl&aacute;n'),
(1461, '20', 'Santiago Huauclilla'),
(1462, '20', 'Santiago Ihuitl&aacute;n Plumas'),
(1463, '20', 'Santiago Ixcuintepec'),
(1464, '20', 'Santiago Ixtayutla'),
(1465, '20', 'Santiago Jamiltepec'),
(1466, '20', 'Santiago Jocotepec'),
(1467, '20', 'Santiago Juxtlahuaca'),
(1468, '20', 'Santiago Lachiguiri'),
(1469, '20', 'Santiago Lalopa'),
(1470, '20', 'Santiago Laollaga'),
(1471, '20', 'Santiago Laxopa'),
(1472, '20', 'Santiago Llano Grande'),
(1473, '20', 'Santiago Matatl&aacute;n'),
(1474, '20', 'Santiago Miltepec'),
(1475, '20', 'Santiago Minas'),
(1476, '20', 'Santiago Nacaltepec'),
(1477, '20', 'Santiago Nejapilla'),
(1478, '20', 'Santiago Nundiche'),
(1479, '20', 'Santiago Nuyo&oacute;'),
(1480, '20', 'Santiago Pinotepa Nacional'),
(1481, '20', 'Santiago Suchilquitongo'),
(1482, '20', 'Santiago Tamazola'),
(1483, '20', 'Santiago Tapextla'),
(1484, '20', 'Villa Tej&uacute;pam de la Uni&oacute;n'),
(1485, '20', 'Santiago Tenango'),
(1486, '20', 'Santiago Tepetlapa'),
(1487, '20', 'Santiago Tetepec'),
(1488, '20', 'Santiago Texcalcingo'),
(1489, '20', 'Santiago Textitl&aacute;n'),
(1490, '20', 'Santiago Tilantongo'),
(1491, '20', 'Santiago Tillo'),
(1492, '20', 'Santiago Tlazoyaltepec'),
(1493, '20', 'Santiago Xanica'),
(1494, '20', 'Santiago Xiacu&iacute;'),
(1495, '20', 'Santiago Yaitepec'),
(1496, '20', 'Santiago Yaveo'),
(1497, '20', 'Santiago Yolom&eacute;catl'),
(1498, '20', 'Santiago Yosond&uacute;a'),
(1499, '20', 'Santiago Yucuyachi'),
(1500, '20', 'Santiago Zacatepec'),
(1501, '20', 'Santiago Zoochila'),
(1502, '20', 'Nuevo Zoqui&aacute;pam'),
(1503, '20', 'Santo Domingo Ingenio'),
(1504, '20', 'Santo Domingo Albarradas'),
(1505, '20', 'Santo Domingo Armenta'),
(1506, '20', 'Santo Domingo Chihuit&aacute;n'),
(1507, '20', 'Santo Domingo de Morelos'),
(1508, '20', 'Santo Domingo Ixcatl&aacute;n'),
(1509, '20', 'Santo Domingo Nuxa&aacute;'),
(1510, '20', 'Santo Domingo Ozolotepec'),
(1511, '20', 'Santo Domingo Petapa'),
(1512, '20', 'Santo Domingo Roayaga'),
(1513, '20', 'Santo Domingo Tehuantepec'),
(1514, '20', 'Santo Domingo Teojomulco'),
(1515, '20', 'Santo Domingo Tepuxtepec'),
(1516, '20', 'Santo Domingo Tlatay&aacute;pam'),
(1517, '20', 'Santo Domingo Tomaltepec'),
(1518, '20', 'Santo Domingo Tonal&aacute;'),
(1519, '20', 'Santo Domingo Tonaltepec'),
(1520, '20', 'Santo Domingo Xagac&iacute;a'),
(1521, '20', 'Santo Domingo Yanhuitl&aacute;n'),
(1522, '20', 'Santo Domingo Yodohino'),
(1523, '20', 'Santo Domingo Zanatepec'),
(1524, '20', 'Santos Reyes Nopala'),
(1525, '20', 'Santos Reyes P&aacute;palo'),
(1526, '20', 'Santos Reyes Tepejillo'),
(1527, '20', 'Santos Reyes Yucun&aacute;'),
(1528, '20', 'Santo Tom&aacute;s Jalieza'),
(1529, '20', 'Santo Tom&aacute;s Mazaltepec'),
(1530, '20', 'Santo Tom&aacute;s Ocotepec'),
(1531, '20', 'Santo Tom&aacute;s Tamazulapan'),
(1532, '20', 'San Vicente Coatl&aacute;n'),
(1533, '20', 'San Vicente Lachix&iacute;o'),
(1534, '20', 'San Vicente Nu&ntilde;&uacute;'),
(1535, '20', 'Silacayo&aacute;pam'),
(1536, '20', 'Sitio de Xitlapehua');
INSERT INTO `t_municipio` (`id_municipio`, `id_estado`, `municipio`) VALUES
(1537, '20', 'Soledad Etla'),
(1538, '20', 'Villa de Tamazul&aacute;pam del Progreso'),
(1539, '20', 'Tanetze de Zaragoza'),
(1540, '20', 'Taniche'),
(1541, '20', 'Tataltepec de Vald&eacute;s'),
(1542, '20', 'Teococuilco de Marcos P&eacute;rez'),
(1543, '20', 'Teotitl&aacute;n de Flores Mag&oacute;n'),
(1544, '20', 'Teotitl&aacute;n del Valle'),
(1545, '20', 'Teotongo'),
(1546, '20', 'Tepelmeme Villa de Morelos'),
(1547, '20', 'Tezoatl&aacute;n de Segura y Luna'),
(1548, '20', 'San Jer&oacute;nimo Tlacochahuaya'),
(1549, '20', 'Tlacolula de Matamoros'),
(1550, '20', 'Tlacotepec Plumas'),
(1551, '20', 'Tlalixtac de Cabrera'),
(1552, '20', 'Totontepec Villa de Morelos'),
(1553, '20', 'Trinidad Zaachila'),
(1554, '20', 'La Trinidad Vista Hermosa'),
(1555, '20', 'Uni&oacute;n Hidalgo'),
(1556, '20', 'Valerio Trujano'),
(1557, '20', 'San Juan Bautista Valle Nacional'),
(1558, '20', 'Villa D&iacute;az Ordaz'),
(1559, '20', 'Yaxe'),
(1560, '20', 'Magdalena Yodocono de Porfirio D&iacute;az'),
(1561, '20', 'Yogana'),
(1562, '20', 'Yutanduchi de Guerrero'),
(1563, '20', 'Villa de Zaachila'),
(1564, '20', 'Zapotitl&aacute;n del R&iacute;o'),
(1565, '20', 'Zapotitl&aacute;n Lagunas'),
(1566, '20', 'Zapotitl&aacute;n Palmas'),
(1567, '20', 'Santa In&eacute;s de Zaragoza'),
(1568, '20', 'Zimatl&aacute;n de &Aacute;lvarez'),
(1569, '21', 'Acajete'),
(1570, '21', 'Acateno'),
(1571, '21', 'Acatl&aacute;n'),
(1572, '21', 'Acatzingo'),
(1573, '21', 'Acteopan'),
(1574, '21', 'Ahuacatl&aacute;n'),
(1575, '21', 'Ahuatl&aacute;n'),
(1576, '21', 'Ahuazotepec'),
(1577, '21', 'Ahuehuetitla'),
(1578, '21', 'Ajalpan'),
(1579, '21', 'Albino Zertuche'),
(1580, '21', 'Aljojuca'),
(1581, '21', 'Altepexi'),
(1582, '21', 'Amixtl&aacute;n'),
(1583, '21', 'Amozoc'),
(1584, '21', 'Aquixtla'),
(1585, '21', 'Atempan'),
(1586, '21', 'Atexcal'),
(1587, '21', 'Atlixco'),
(1588, '21', 'Atoyatempan'),
(1589, '21', 'Atzala'),
(1590, '21', 'Atzitzihuac&aacute;n'),
(1591, '21', 'Atzitzintla'),
(1592, '21', 'Axutla'),
(1593, '21', 'Ayotoxco de Guerrero'),
(1594, '21', 'Calpan'),
(1595, '21', 'Caltepec'),
(1596, '21', 'Camocuautla'),
(1597, '21', 'Caxhuacan'),
(1598, '21', 'Coatepec'),
(1599, '21', 'Coatzingo'),
(1600, '21', 'Cohetzala'),
(1601, '21', 'Cohuecan'),
(1602, '21', 'Coronango'),
(1603, '21', 'Coxcatl&aacute;n'),
(1604, '21', 'Coyomeapan'),
(1605, '21', 'Coyotepec'),
(1606, '21', 'Cuapiaxtla de Madero'),
(1607, '21', 'Cuautempan'),
(1608, '21', 'Cuautinch&aacute;n'),
(1609, '21', 'Cuautlancingo'),
(1610, '21', 'Cuayuca de Andrade'),
(1611, '21', 'Cuetzalan del Progreso'),
(1612, '21', 'Cuyoaco'),
(1613, '21', 'Chalchicomula de Sesma'),
(1614, '21', 'Chapulco'),
(1615, '21', 'Chiautla'),
(1616, '21', 'Chiautzingo'),
(1617, '21', 'Chiconcuautla'),
(1618, '21', 'Chichiquila'),
(1619, '21', 'Chietla'),
(1620, '21', 'Chigmecatitl&aacute;n'),
(1621, '21', 'Chignahuapan'),
(1622, '21', 'Chignautla'),
(1623, '21', 'Chila'),
(1624, '21', 'Chila de la Sal'),
(1625, '21', 'Honey'),
(1626, '21', 'Chilchotla'),
(1627, '21', 'Chinantla'),
(1628, '21', 'Domingo Arenas'),
(1629, '21', 'Eloxochitl&aacute;n'),
(1630, '21', 'Epatl&aacute;n'),
(1631, '21', 'Esperanza'),
(1632, '21', 'Francisco Z. Mena'),
(1633, '21', 'General Felipe &Aacute;ngeles'),
(1634, '21', 'Guadalupe'),
(1635, '21', 'Guadalupe Victoria'),
(1636, '21', 'Hermenegildo Galeana'),
(1637, '21', 'Huaquechula'),
(1638, '21', 'Huatlatlauca'),
(1639, '21', 'Huauchinango'),
(1640, '21', 'Huehuetla'),
(1641, '21', 'Huehuetl&aacute;n el Chico'),
(1642, '21', 'Huejotzingo'),
(1643, '21', 'Hueyapan'),
(1644, '21', 'Hueytamalco'),
(1645, '21', 'Hueytlalpan'),
(1646, '21', 'Huitzilan de Serd&aacute;n'),
(1647, '21', 'Huitziltepec'),
(1648, '21', 'Atlequizayan'),
(1649, '21', 'Ixcamilpa de Guerrero'),
(1650, '21', 'Ixcaquixtla'),
(1651, '21', 'Ixtacamaxtitl&aacute;n'),
(1652, '21', 'Ixtepec'),
(1653, '21', 'Iz&uacute;car de Matamoros'),
(1654, '21', 'Jalpan'),
(1655, '21', 'Jolalpan'),
(1656, '21', 'Jonotla'),
(1657, '21', 'Jopala'),
(1658, '21', 'Juan C. Bonilla'),
(1659, '21', 'Juan Galindo'),
(1660, '21', 'Juan N. M&eacute;ndez'),
(1661, '21', 'Lafragua'),
(1662, '21', 'Libres'),
(1663, '21', 'La Magdalena Tlatlauquitepec'),
(1664, '21', 'Mazapiltepec de Ju&aacute;rez'),
(1665, '21', 'Mixtla'),
(1666, '21', 'Molcaxac'),
(1667, '21', 'Ca&ntilde;ada Morelos'),
(1668, '21', 'Naupan'),
(1669, '21', 'Nauzontla'),
(1670, '21', 'Nealtican'),
(1671, '21', 'Nicol&aacute;s Bravo'),
(1672, '21', 'Nopalucan'),
(1673, '21', 'Ocotepec'),
(1674, '21', 'Ocoyucan'),
(1675, '21', 'Olintla'),
(1676, '21', 'Oriental'),
(1677, '21', 'Pahuatl&aacute;n'),
(1678, '21', 'Palmar de Bravo'),
(1679, '21', 'Pantepec'),
(1680, '21', 'Petlalcingo'),
(1681, '21', 'Piaxtla'),
(1682, '21', 'Puebla'),
(1683, '21', 'Quecholac'),
(1684, '21', 'Quimixtl&aacute;n'),
(1685, '21', 'Rafael Lara Grajales'),
(1686, '21', 'Los Reyes de Ju&aacute;rez'),
(1687, '21', 'San Andr&eacute;s Cholula'),
(1688, '21', 'San Antonio Ca&ntilde;ada'),
(1689, '21', 'San Diego la Mesa Tochimiltzingo'),
(1690, '21', 'San Felipe Teotlalcingo'),
(1691, '21', 'San Felipe Tepatl&aacute;n'),
(1692, '21', 'San Gabriel Chilac'),
(1693, '21', 'San Gregorio Atzompa'),
(1694, '21', 'San Jer&oacute;nimo Tecuanipan'),
(1695, '21', 'San Jer&oacute;nimo Xayacatl&aacute;n'),
(1696, '21', 'San Jos&eacute; Chiapa'),
(1697, '21', 'San Jos&eacute; Miahuatl&aacute;n'),
(1698, '21', 'San Juan Atenco'),
(1699, '21', 'San Juan Atzompa'),
(1700, '21', 'San Mart&iacute;n Texmelucan'),
(1701, '21', 'San Mart&iacute;n Totoltepec'),
(1702, '21', 'San Mat&iacute;as Tlalancaleca'),
(1703, '21', 'San Miguel Ixitl&aacute;n'),
(1704, '21', 'San Miguel Xoxtla'),
(1705, '21', 'San Nicol&aacute;s Buenos Aires'),
(1706, '21', 'San Nicol&aacute;s de los Ranchos'),
(1707, '21', 'San Pablo Anicano'),
(1708, '21', 'San Pedro Cholula'),
(1709, '21', 'San Pedro Yeloixtlahuaca'),
(1710, '21', 'San Salvador el Seco'),
(1711, '21', 'San Salvador el Verde'),
(1712, '21', 'San Salvador Huixcolotla'),
(1713, '21', 'San Sebasti&aacute;n Tlacotepec'),
(1714, '21', 'Santa Catarina Tlaltempan'),
(1715, '21', 'Santa In&eacute;s Ahuatempan'),
(1716, '21', 'Santa Isabel Cholula'),
(1717, '21', 'Santiago Miahuatl&aacute;n'),
(1718, '21', 'Huehuetl&aacute;n el Grande'),
(1719, '21', 'Santo Tom&aacute;s Hueyotlipan'),
(1720, '21', 'Soltepec'),
(1721, '21', 'Tecali de Herrera'),
(1722, '21', 'Tecamachalco'),
(1723, '21', 'Tecomatl&aacute;n'),
(1724, '21', 'Tehuac&aacute;n'),
(1725, '21', 'Tehuitzingo'),
(1726, '21', 'Tenampulco'),
(1727, '21', 'Teopantl&aacute;n'),
(1728, '21', 'Teotlalco'),
(1729, '21', 'Tepanco de L&oacute;pez'),
(1730, '21', 'Tepango de Rodr&iacute;guez'),
(1731, '21', 'Tepatlaxco de Hidalgo'),
(1732, '21', 'Tepeaca'),
(1733, '21', 'Tepemaxalco'),
(1734, '21', 'Tepeojuma'),
(1735, '21', 'Tepetzintla'),
(1736, '21', 'Tepexco'),
(1737, '21', 'Tepexi de Rodr&iacute;guez'),
(1738, '21', 'Tepeyahualco'),
(1739, '21', 'Tepeyahualco de Cuauht&eacute;moc'),
(1740, '21', 'Tetela de Ocampo'),
(1741, '21', 'Teteles de Avila Castillo'),
(1742, '21', 'Teziutl&aacute;n'),
(1743, '21', 'Tianguismanalco'),
(1744, '21', 'Tilapa'),
(1745, '21', 'Tlacotepec de Benito Ju&aacute;rez'),
(1746, '21', 'Tlacuilotepec'),
(1747, '21', 'Tlachichuca'),
(1748, '21', 'Tlahuapan'),
(1749, '21', 'Tlaltenango'),
(1750, '21', 'Tlanepantla'),
(1751, '21', 'Tlaola'),
(1752, '21', 'Tlapacoya'),
(1753, '21', 'Tlapanal&aacute;'),
(1754, '21', 'Tlatlauquitepec'),
(1755, '21', 'Tlaxco'),
(1756, '21', 'Tochimilco'),
(1757, '21', 'Tochtepec'),
(1758, '21', 'Totoltepec de Guerrero'),
(1759, '21', 'Tulcingo'),
(1760, '21', 'Tuzamapan de Galeana'),
(1761, '21', 'Tzicatlacoyan'),
(1762, '21', 'Venustiano Carranza'),
(1763, '21', 'Vicente Guerrero'),
(1764, '21', 'Xayacatl&aacute;n de Bravo'),
(1765, '21', 'Xicotepec'),
(1766, '21', 'Xicotl&aacute;n'),
(1767, '21', 'Xiutetelco'),
(1768, '21', 'Xochiapulco'),
(1769, '21', 'Xochiltepec'),
(1770, '21', 'Xochitl&aacute;n de Vicente Su&aacute;rez'),
(1771, '21', 'Xochitl&aacute;n Todos Santos'),
(1772, '21', 'Yaon&aacute;huac'),
(1773, '21', 'Yehualtepec'),
(1774, '21', 'Zacapala'),
(1775, '21', 'Zacapoaxtla'),
(1776, '21', 'Zacatl&aacute;n'),
(1777, '21', 'Zapotitl&aacute;n'),
(1778, '21', 'Zapotitl&aacute;n de M&eacute;ndez'),
(1779, '21', 'Zaragoza'),
(1780, '21', 'Zautla'),
(1781, '21', 'Zihuateutla'),
(1782, '21', 'Zinacatepec'),
(1783, '21', 'Zongozotla'),
(1784, '21', 'Zoquiapan'),
(1785, '21', 'Zoquitl&aacute;n'),
(1786, '22', 'Amealco de Bonfil'),
(1787, '22', 'Pinal de Amoles'),
(1788, '22', 'Arroyo Seco'),
(1789, '22', 'Cadereyta de Montes'),
(1790, '22', 'Col&oacute;n'),
(1791, '22', 'Corregidora'),
(1792, '22', 'Ezequiel Montes'),
(1793, '22', 'Huimilpan'),
(1794, '22', 'Jalpan de Serra'),
(1795, '22', 'Landa de Matamoros'),
(1796, '22', 'El Marqu&eacute;s'),
(1797, '22', 'Pedro Escobedo'),
(1798, '22', 'Pe&ntilde;amiller'),
(1799, '22', 'Quer&eacute;taro'),
(1800, '22', 'San Joaqu&iacute;n'),
(1801, '22', 'San Juan del R&iacute;o'),
(1802, '22', 'Tequisquiapan'),
(1803, '22', 'Tolim&aacute;n'),
(1804, '23', 'Cozumel'),
(1805, '23', 'Felipe Carrillo Puerto'),
(1806, '23', 'Isla Mujeres'),
(1807, '23', 'Oth&oacute;n P. Blanco'),
(1808, '23', 'Benito Ju&aacute;rez'),
(1809, '23', 'Jos&eacute; Mar&iacute;a Morelos'),
(1810, '23', 'L&aacute;zaro C&aacute;rdenas'),
(1811, '23', 'Solidaridad'),
(1812, '23', 'Tulum'),
(1813, '24', 'Ahualulco'),
(1814, '24', 'Alaquines'),
(1815, '24', 'Aquism&oacute;n'),
(1816, '24', 'Armadillo de los Infante'),
(1817, '24', 'C&aacute;rdenas'),
(1818, '24', 'Catorce'),
(1819, '24', 'Cedral'),
(1820, '24', 'Cerritos'),
(1821, '24', 'Cerro de San Pedro'),
(1822, '24', 'Ciudad del Ma&iacute;z'),
(1823, '24', 'Ciudad Fern&aacute;ndez'),
(1824, '24', 'Tancanhuitz'),
(1825, '24', 'Ciudad Valles'),
(1826, '24', 'Coxcatl&aacute;n'),
(1827, '24', 'Charcas'),
(1828, '24', 'Ebano'),
(1829, '24', 'Guadalc&aacute;zar'),
(1830, '24', 'Huehuetl&aacute;n'),
(1831, '24', 'Lagunillas'),
(1832, '24', 'Matehuala'),
(1833, '24', 'Mexquitic de Carmona'),
(1834, '24', 'Moctezuma'),
(1835, '24', 'Ray&oacute;n'),
(1836, '24', 'Rioverde'),
(1837, '24', 'Salinas'),
(1838, '24', 'San Antonio'),
(1839, '24', 'San Ciro de Acosta'),
(1840, '24', 'San Luis Potos&iacute;'),
(1841, '24', 'San Mart&iacute;n Chalchicuautla'),
(1842, '24', 'San Nicol&aacute;s Tolentino'),
(1843, '24', 'Santa Catarina'),
(1844, '24', 'Santa Mar&iacute;a del R&iacute;o'),
(1845, '24', 'Santo Domingo'),
(1846, '24', 'San Vicente Tancuayalab'),
(1847, '24', 'Soledad de Graciano S&aacute;nchez'),
(1848, '24', 'Tamasopo'),
(1849, '24', 'Tamazunchale'),
(1850, '24', 'Tampac&aacute;n'),
(1851, '24', 'Tampamol&oacute;n Corona'),
(1852, '24', 'Tamu&iacute;n'),
(1853, '24', 'Tanlaj&aacute;s'),
(1854, '24', 'Tanqui&aacute;n de Escobedo'),
(1855, '24', 'Tierra Nueva'),
(1856, '24', 'Vanegas'),
(1857, '24', 'Venado'),
(1858, '24', 'Villa de Arriaga'),
(1859, '24', 'Villa de Guadalupe'),
(1860, '24', 'Villa de la Paz'),
(1861, '24', 'Villa de Ramos'),
(1862, '24', 'Villa de Reyes'),
(1863, '24', 'Villa Hidalgo'),
(1864, '24', 'Villa Ju&aacute;rez'),
(1865, '24', 'Axtla de Terrazas'),
(1866, '24', 'Xilitla'),
(1867, '24', 'Zaragoza'),
(1868, '24', 'Villa de Arista'),
(1869, '24', 'Matlapa'),
(1870, '24', 'El Naranjo'),
(1871, '25', 'Ahome'),
(1872, '25', 'Angostura'),
(1873, '25', 'Badiraguato'),
(1874, '25', 'Concordia'),
(1875, '25', 'Cosal&aacute;'),
(1876, '25', 'Culiac&aacute;n'),
(1877, '25', 'Choix'),
(1878, '25', 'Elota'),
(1879, '25', 'Escuinapa'),
(1880, '25', 'El Fuerte'),
(1881, '25', 'Guasave'),
(1882, '25', 'Mazatl&aacute;n'),
(1883, '25', 'Mocorito'),
(1884, '25', 'Rosario'),
(1885, '25', 'Salvador Alvarado'),
(1886, '25', 'San Ignacio'),
(1887, '25', 'Sinaloa'),
(1888, '25', 'Navolato'),
(1889, '26', 'Aconchi'),
(1890, '26', 'Agua Prieta'),
(1891, '26', 'Alamos'),
(1892, '26', 'Altar'),
(1893, '26', 'Arivechi'),
(1894, '26', 'Arizpe'),
(1895, '26', 'Atil'),
(1896, '26', 'Bacad&eacute;huachi'),
(1897, '26', 'Bacanora'),
(1898, '26', 'Bacerac'),
(1899, '26', 'Bacoachi'),
(1900, '26', 'B&aacute;cum'),
(1901, '26', 'Ban&aacute;michi'),
(1902, '26', 'Bavi&aacute;cora'),
(1903, '26', 'Bavispe'),
(1904, '26', 'Benjam&iacute;n Hill'),
(1905, '26', 'Caborca'),
(1906, '26', 'Cajeme'),
(1907, '26', 'Cananea'),
(1908, '26', 'Carb&oacute;'),
(1909, '26', 'La Colorada'),
(1910, '26', 'Cucurpe'),
(1911, '26', 'Cumpas'),
(1912, '26', 'Divisaderos'),
(1913, '26', 'Empalme'),
(1914, '26', 'Etchojoa'),
(1915, '26', 'Fronteras'),
(1916, '26', 'Granados'),
(1917, '26', 'Guaymas'),
(1918, '26', 'Hermosillo'),
(1919, '26', 'Huachinera'),
(1920, '26', 'Hu&aacute;sabas'),
(1921, '26', 'Huatabampo'),
(1922, '26', 'Hu&eacute;pac'),
(1923, '26', 'Imuris'),
(1924, '26', 'Magdalena'),
(1925, '26', 'Mazat&aacute;n'),
(1926, '26', 'Moctezuma'),
(1927, '26', 'Naco'),
(1928, '26', 'N&aacute;cori Chico'),
(1929, '26', 'Nacozari de Garc&iacute;a'),
(1930, '26', 'Navojoa'),
(1931, '26', 'Nogales'),
(1932, '26', 'Onavas'),
(1933, '26', 'Opodepe'),
(1934, '26', 'Oquitoa'),
(1935, '26', 'Pitiquito'),
(1936, '26', 'Puerto Pe&ntilde;asco'),
(1937, '26', 'Quiriego'),
(1938, '26', 'Ray&oacute;n'),
(1939, '26', 'Rosario'),
(1940, '26', 'Sahuaripa'),
(1941, '26', 'San Felipe de Jes&uacute;s'),
(1942, '26', 'San Javier'),
(1943, '26', 'San Luis R&iacute;o Colorado'),
(1944, '26', 'San Miguel de Horcasitas'),
(1945, '26', 'San Pedro de la Cueva'),
(1946, '26', 'Santa Ana'),
(1947, '26', 'Santa Cruz'),
(1948, '26', 'S&aacute;ric'),
(1949, '26', 'Soyopa'),
(1950, '26', 'Suaqui Grande'),
(1951, '26', 'Tepache'),
(1952, '26', 'Trincheras'),
(1953, '26', 'Tubutama'),
(1954, '26', 'Ures'),
(1955, '26', 'Villa Hidalgo'),
(1956, '26', 'Villa Pesqueira'),
(1957, '26', 'Y&eacute;cora'),
(1958, '26', 'General Plutarco El&iacute;as Calles'),
(1959, '26', 'Benito Ju&aacute;rez'),
(1960, '26', 'San Ignacio R&iacute;o Muerto'),
(1961, '27', 'Balanc&aacute;n'),
(1962, '27', 'C&aacute;rdenas'),
(1963, '27', 'Centla'),
(1964, '27', 'Centro'),
(1965, '27', 'Comalcalco'),
(1966, '27', 'Cunduac&aacute;n'),
(1967, '27', 'Emiliano Zapata'),
(1968, '27', 'Huimanguillo'),
(1969, '27', 'Jalapa'),
(1970, '27', 'Jalpa de M&eacute;ndez'),
(1971, '27', 'Jonuta'),
(1972, '27', 'Macuspana'),
(1973, '27', 'Nacajuca'),
(1974, '27', 'Para&iacute;so'),
(1975, '27', 'Tacotalpa'),
(1976, '27', 'Teapa'),
(1977, '27', 'Tenosique'),
(1978, '28', 'Abasolo'),
(1979, '28', 'Aldama'),
(1980, '28', 'Altamira'),
(1981, '28', 'Antiguo Morelos'),
(1982, '28', 'Burgos'),
(1983, '28', 'Bustamante'),
(1984, '28', 'Camargo'),
(1985, '28', 'Casas'),
(1986, '28', 'Ciudad Madero'),
(1987, '28', 'Cruillas'),
(1988, '28', 'G&oacute;mez Far&iacute;as'),
(1989, '28', 'Gonz&aacute;lez'),
(1990, '28', 'G&uuml;&eacute;mez'),
(1991, '28', 'Guerrero'),
(1992, '28', 'Gustavo D&iacute;az Ordaz'),
(1993, '28', 'Hidalgo'),
(1994, '28', 'Jaumave'),
(1995, '28', 'Jim&eacute;nez'),
(1996, '28', 'Llera'),
(1997, '28', 'Mainero'),
(1998, '28', 'El Mante'),
(1999, '28', 'Matamoros'),
(2000, '28', 'M&eacute;ndez'),
(2001, '28', 'Mier'),
(2002, '28', 'Miguel Alem&aacute;n'),
(2003, '28', 'Miquihuana'),
(2004, '28', 'Nuevo Laredo'),
(2005, '28', 'Nuevo Morelos'),
(2006, '28', 'Ocampo'),
(2007, '28', 'Padilla'),
(2008, '28', 'Palmillas'),
(2009, '28', 'Reynosa'),
(2010, '28', 'R&iacute;o Bravo'),
(2011, '28', 'San Carlos'),
(2012, '28', 'San Fernando'),
(2013, '28', 'San Nicol&aacute;s'),
(2014, '28', 'Soto la Marina'),
(2015, '28', 'Tampico'),
(2016, '28', 'Tula'),
(2017, '28', 'Valle Hermoso'),
(2018, '28', 'Victoria'),
(2019, '28', 'Villagr&aacute;n'),
(2020, '28', 'Xicot&eacute;ncatl'),
(2021, '29', 'Amaxac de Guerrero'),
(2022, '29', 'Apetatitl&aacute;n de Antonio Carvajal'),
(2023, '29', 'Atlangatepec'),
(2024, '29', 'Atltzayanca'),
(2025, '29', 'Apizaco'),
(2026, '29', 'Calpulalpan'),
(2027, '29', 'El Carmen Tequexquitla'),
(2028, '29', 'Cuapiaxtla'),
(2029, '29', 'Cuaxomulco'),
(2030, '29', 'Chiautempan'),
(2031, '29', 'Mu&ntilde;oz de Domingo Arenas'),
(2032, '29', 'Espa&ntilde;ita'),
(2033, '29', 'Huamantla'),
(2034, '29', 'Hueyotlipan'),
(2035, '29', 'Ixtacuixtla de Mariano Matamoros'),
(2036, '29', 'Ixtenco'),
(2037, '29', 'Mazatecochco de Jos&eacute; Mar&iacute;a More'),
(2038, '29', 'Contla de Juan Cuamatzi'),
(2039, '29', 'Tepetitla de Lardiz&aacute;bal'),
(2040, '29', 'Sanct&oacute;rum de L&aacute;zaro C&aacute;rd'),
(2041, '29', 'Nanacamilpa de Mariano Arista'),
(2042, '29', 'Acuamanala de Miguel Hidalgo'),
(2043, '29', 'Nat&iacute;vitas'),
(2044, '29', 'Panotla'),
(2045, '29', 'San Pablo del Monte'),
(2046, '29', 'Santa Cruz Tlaxcala'),
(2047, '29', 'Tenancingo'),
(2048, '29', 'Teolocholco'),
(2049, '29', 'Tepeyanco'),
(2050, '29', 'Terrenate'),
(2051, '29', 'Tetla de la Solidaridad'),
(2052, '29', 'Tetlatlahuca'),
(2053, '29', 'Tlaxcala'),
(2054, '29', 'Tlaxco'),
(2055, '29', 'Tocatl&aacute;n'),
(2056, '29', 'Totolac'),
(2057, '29', 'Ziltlalt&eacute;pec de Trinidad S&aacute;nche'),
(2058, '29', 'Tzompantepec'),
(2059, '29', 'Xaloztoc'),
(2060, '29', 'Xaltocan'),
(2061, '29', 'Papalotla de Xicoht&eacute;ncatl'),
(2062, '29', 'Xicohtzinco'),
(2063, '29', 'Yauhquemehcan'),
(2064, '29', 'Zacatelco'),
(2065, '29', 'Benito Ju&aacute;rez'),
(2066, '29', 'Emiliano Zapata'),
(2067, '29', 'L&aacute;zaro C&aacute;rdenas'),
(2068, '29', 'La Magdalena Tlaltelulco'),
(2069, '29', 'San Dami&aacute;n Tex&oacute;loc'),
(2070, '29', 'San Francisco Tetlanohcan'),
(2071, '29', 'San Jer&oacute;nimo Zacualpan'),
(2072, '29', 'San Jos&eacute; Teacalco'),
(2073, '29', 'San Juan Huactzinco'),
(2074, '29', 'San Lorenzo Axocomanitla'),
(2075, '29', 'San Lucas Tecopilco'),
(2076, '29', 'Santa Ana Nopalucan'),
(2077, '29', 'Santa Apolonia Teacalco'),
(2078, '29', 'Santa Catarina Ayometla'),
(2079, '29', 'Santa Cruz Quilehtla'),
(2080, '29', 'Santa Isabel Xiloxoxtla'),
(2081, '30', 'Acajete'),
(2082, '30', 'Acatl&aacute;n'),
(2083, '30', 'Acayucan'),
(2084, '30', 'Actopan'),
(2085, '30', 'Acula'),
(2086, '30', 'Acultzingo'),
(2087, '30', 'Camar&oacute;n de Tejeda'),
(2088, '30', 'Alpatl&aacute;huac'),
(2089, '30', 'Alto Lucero de Guti&eacute;rrez Barrios'),
(2090, '30', 'Altotonga'),
(2091, '30', 'Alvarado'),
(2092, '30', 'Amatitl&aacute;n'),
(2093, '30', 'Naranjos Amatl&aacute;n'),
(2094, '30', 'Amatl&aacute;n de los Reyes'),
(2095, '30', 'Angel R. Cabada'),
(2096, '30', 'La Antigua'),
(2097, '30', 'Apazapan'),
(2098, '30', 'Aquila'),
(2099, '30', 'Astacinga'),
(2100, '30', 'Atlahuilco'),
(2101, '30', 'Atoyac'),
(2102, '30', 'Atzacan'),
(2103, '30', 'Atzalan'),
(2104, '30', 'Tlaltetela'),
(2105, '30', 'Ayahualulco'),
(2106, '30', 'Banderilla'),
(2107, '30', 'Benito Ju&aacute;rez'),
(2108, '30', 'Boca del R&iacute;o'),
(2109, '30', 'Calcahualco'),
(2110, '30', 'Camerino Z. Mendoza'),
(2111, '30', 'Carrillo Puerto'),
(2112, '30', 'Catemaco'),
(2113, '30', 'Cazones de Herrera'),
(2114, '30', 'Cerro Azul'),
(2115, '30', 'Citlalt&eacute;petl'),
(2116, '30', 'Coacoatzintla'),
(2117, '30', 'Coahuitl&aacute;n'),
(2118, '30', 'Coatepec'),
(2119, '30', 'Coatzacoalcos'),
(2120, '30', 'Coatzintla'),
(2121, '30', 'Coetzala'),
(2122, '30', 'Colipa'),
(2123, '30', 'Comapa'),
(2124, '30', 'C&oacute;rdoba'),
(2125, '30', 'Cosamaloapan de Carpio'),
(2126, '30', 'Cosautl&aacute;n de Carvajal'),
(2127, '30', 'Coscomatepec'),
(2128, '30', 'Cosoleacaque'),
(2129, '30', 'Cotaxtla'),
(2130, '30', 'Coxquihui'),
(2131, '30', 'Coyutla'),
(2132, '30', 'Cuichapa'),
(2133, '30', 'Cuitl&aacute;huac'),
(2134, '30', 'Chacaltianguis'),
(2135, '30', 'Chalma'),
(2136, '30', 'Chiconamel'),
(2137, '30', 'Chiconquiaco'),
(2138, '30', 'Chicontepec'),
(2139, '30', 'Chinameca'),
(2140, '30', 'Chinampa de Gorostiza'),
(2141, '30', 'Las Choapas'),
(2142, '30', 'Chocam&aacute;n'),
(2143, '30', 'Chontla'),
(2144, '30', 'Chumatl&aacute;n'),
(2145, '30', 'Emiliano Zapata'),
(2146, '30', 'Espinal'),
(2147, '30', 'Filomeno Mata'),
(2148, '30', 'Fort&iacute;n'),
(2149, '30', 'Guti&eacute;rrez Zamora'),
(2150, '30', 'Hidalgotitl&aacute;n'),
(2151, '30', 'Huatusco'),
(2152, '30', 'Huayacocotla'),
(2153, '30', 'Hueyapan de Ocampo'),
(2154, '30', 'Huiloapan de Cuauht&eacute;moc'),
(2155, '30', 'Ignacio de la Llave'),
(2156, '30', 'Ilamatl&aacute;n'),
(2157, '30', 'Isla'),
(2158, '30', 'Ixcatepec'),
(2159, '30', 'Ixhuac&aacute;n de los Reyes'),
(2160, '30', 'Ixhuatl&aacute;n del Caf&eacute;'),
(2161, '30', 'Ixhuatlancillo'),
(2162, '30', 'Ixhuatl&aacute;n del Sureste'),
(2163, '30', 'Ixhuatl&aacute;n de Madero'),
(2164, '30', 'Ixmatlahuacan'),
(2165, '30', 'Ixtaczoquitl&aacute;n'),
(2166, '30', 'Jalacingo'),
(2167, '30', 'Xalapa'),
(2168, '30', 'Jalcomulco'),
(2169, '30', 'J&aacute;ltipan'),
(2170, '30', 'Jamapa'),
(2171, '30', 'Jes&uacute;s Carranza'),
(2172, '30', 'Xico'),
(2173, '30', 'Jilotepec'),
(2174, '30', 'Juan Rodr&iacute;guez Clara'),
(2175, '30', 'Juchique de Ferrer'),
(2176, '30', 'Landero y Coss'),
(2177, '30', 'Lerdo de Tejada'),
(2178, '30', 'Magdalena'),
(2179, '30', 'Maltrata'),
(2180, '30', 'Manlio Fabio Altamirano'),
(2181, '30', 'Mariano Escobedo'),
(2182, '30', 'Mart&iacute;nez de la Torre'),
(2183, '30', 'Mecatl&aacute;n'),
(2184, '30', 'Mecayapan'),
(2185, '30', 'Medell&iacute;n'),
(2186, '30', 'Miahuatl&aacute;n'),
(2187, '30', 'Las Minas'),
(2188, '30', 'Minatitl&aacute;n'),
(2189, '30', 'Misantla'),
(2190, '30', 'Mixtla de Altamirano'),
(2191, '30', 'Moloac&aacute;n'),
(2192, '30', 'Naolinco'),
(2193, '30', 'Naranjal'),
(2194, '30', 'Nautla'),
(2195, '30', 'Nogales'),
(2196, '30', 'Oluta'),
(2197, '30', 'Omealca'),
(2198, '30', 'Orizaba'),
(2199, '30', 'Otatitl&aacute;n'),
(2200, '30', 'Oteapan'),
(2201, '30', 'Ozuluama de Mascare&ntilde;as'),
(2202, '30', 'Pajapan'),
(2203, '30', 'P&aacute;nuco'),
(2204, '30', 'Papantla'),
(2205, '30', 'Paso del Macho'),
(2206, '30', 'Paso de Ovejas'),
(2207, '30', 'La Perla'),
(2208, '30', 'Perote'),
(2209, '30', 'Plat&oacute;n S&aacute;nchez'),
(2210, '30', 'Playa Vicente'),
(2211, '30', 'Poza Rica de Hidalgo'),
(2212, '30', 'Las Vigas de Ram&iacute;rez'),
(2213, '30', 'Pueblo Viejo'),
(2214, '30', 'Puente Nacional'),
(2215, '30', 'Rafael Delgado'),
(2216, '30', 'Rafael Lucio'),
(2217, '30', 'Los Reyes'),
(2218, '30', 'R&iacute;o Blanco'),
(2219, '30', 'Saltabarranca'),
(2220, '30', 'San Andr&eacute;s Tenejapan'),
(2221, '30', 'San Andr&eacute;s Tuxtla'),
(2222, '30', 'San Juan Evangelista'),
(2223, '30', 'Santiago Tuxtla'),
(2224, '30', 'Sayula de Alem&aacute;n'),
(2225, '30', 'Soconusco'),
(2226, '30', 'Sochiapa'),
(2227, '30', 'Soledad Atzompa'),
(2228, '30', 'Soledad de Doblado'),
(2229, '30', 'Soteapan'),
(2230, '30', 'Tamal&iacute;n'),
(2231, '30', 'Tamiahua'),
(2232, '30', 'Tampico Alto'),
(2233, '30', 'Tancoco'),
(2234, '30', 'Tantima'),
(2235, '30', 'Tantoyuca'),
(2236, '30', 'Tatatila'),
(2237, '30', 'Castillo de Teayo'),
(2238, '30', 'Tecolutla'),
(2239, '30', 'Tehuipango'),
(2240, '30', '&Aacute;lamo Temapache'),
(2241, '30', 'Tempoal'),
(2242, '30', 'Tenampa'),
(2243, '30', 'Tenochtitl&aacute;n'),
(2244, '30', 'Teocelo'),
(2245, '30', 'Tepatlaxco'),
(2246, '30', 'Tepetl&aacute;n'),
(2247, '30', 'Tepetzintla'),
(2248, '30', 'Tequila'),
(2249, '30', 'Jos&eacute; Azueta'),
(2250, '30', 'Texcatepec'),
(2251, '30', 'Texhuac&aacute;n'),
(2252, '30', 'Texistepec'),
(2253, '30', 'Tezonapa'),
(2254, '30', 'Tierra Blanca'),
(2255, '30', 'Tihuatl&aacute;n'),
(2256, '30', 'Tlacojalpan'),
(2257, '30', 'Tlacolulan'),
(2258, '30', 'Tlacotalpan'),
(2259, '30', 'Tlacotepec de Mej&iacute;a'),
(2260, '30', 'Tlachichilco'),
(2261, '30', 'Tlalixcoyan'),
(2262, '30', 'Tlalnelhuayocan'),
(2263, '30', 'Tlapacoyan'),
(2264, '30', 'Tlaquilpa'),
(2265, '30', 'Tlilapan'),
(2266, '30', 'Tomatl&aacute;n'),
(2267, '30', 'Tonay&aacute;n'),
(2268, '30', 'Totutla'),
(2269, '30', 'Tuxpan'),
(2270, '30', 'Tuxtilla'),
(2271, '30', 'Ursulo Galv&aacute;n'),
(2272, '30', 'Vega de Alatorre'),
(2273, '30', 'Veracruz'),
(2274, '30', 'Villa Aldama'),
(2275, '30', 'Xoxocotla'),
(2276, '30', 'Yanga'),
(2277, '30', 'Yecuatla'),
(2278, '30', 'Zacualpan'),
(2279, '30', 'Zaragoza'),
(2280, '30', 'Zentla'),
(2281, '30', 'Zongolica'),
(2282, '30', 'Zontecomatl&aacute;n de L&oacute;pez y Fuente'),
(2283, '30', 'Zozocolco de Hidalgo'),
(2284, '30', 'Agua Dulce'),
(2285, '30', 'El Higo'),
(2286, '30', 'Nanchital de L&aacute;zaro C&aacute;rdenas de'),
(2287, '30', 'Tres Valles'),
(2288, '30', 'Carlos A. Carrillo'),
(2289, '30', 'Tatahuicapan de Ju&aacute;rez'),
(2290, '30', 'Uxpanapa'),
(2291, '30', 'San Rafael'),
(2292, '30', 'Santiago Sochiapan'),
(2293, '31', 'Abal&aacute;'),
(2294, '31', 'Acanceh'),
(2295, '31', 'Akil'),
(2296, '31', 'Baca'),
(2297, '31', 'Bokob&aacute;'),
(2298, '31', 'Buctzotz'),
(2299, '31', 'Cacalch&eacute;n'),
(2300, '31', 'Calotmul'),
(2301, '31', 'Cansahcab'),
(2302, '31', 'Cantamayec'),
(2303, '31', 'Celest&uacute;n'),
(2304, '31', 'Cenotillo'),
(2305, '31', 'Conkal'),
(2306, '31', 'Cuncunul'),
(2307, '31', 'Cuzam&aacute;'),
(2308, '31', 'Chacsink&iacute;n'),
(2309, '31', 'Chankom'),
(2310, '31', 'Chapab'),
(2311, '31', 'Chemax'),
(2312, '31', 'Chicxulub Pueblo'),
(2313, '31', 'Chichimil&aacute;'),
(2314, '31', 'Chikindzonot'),
(2315, '31', 'Chochol&aacute;'),
(2316, '31', 'Chumayel'),
(2317, '31', 'Dz&aacute;n'),
(2318, '31', 'Dzemul'),
(2319, '31', 'Dzidzant&uacute;n'),
(2320, '31', 'Dzilam de Bravo'),
(2321, '31', 'Dzilam Gonz&aacute;lez'),
(2322, '31', 'Dzit&aacute;s'),
(2323, '31', 'Dzoncauich'),
(2324, '31', 'Espita'),
(2325, '31', 'Halach&oacute;'),
(2326, '31', 'Hocab&aacute;'),
(2327, '31', 'Hoct&uacute;n'),
(2328, '31', 'Hom&uacute;n'),
(2329, '31', 'Huh&iacute;'),
(2330, '31', 'Hunucm&aacute;'),
(2331, '31', 'Ixil'),
(2332, '31', 'Izamal'),
(2333, '31', 'Kanas&iacute;n'),
(2334, '31', 'Kantunil'),
(2335, '31', 'Kaua'),
(2336, '31', 'Kinchil'),
(2337, '31', 'Kopom&aacute;'),
(2338, '31', 'Mama'),
(2339, '31', 'Man&iacute;'),
(2340, '31', 'Maxcan&uacute;'),
(2341, '31', 'Mayap&aacute;n'),
(2342, '31', 'M&eacute;rida'),
(2343, '31', 'Mococh&aacute;'),
(2344, '31', 'Motul'),
(2345, '31', 'Muna'),
(2346, '31', 'Muxupip'),
(2347, '31', 'Opich&eacute;n'),
(2348, '31', 'Oxkutzcab'),
(2349, '31', 'Panab&aacute;'),
(2350, '31', 'Peto'),
(2351, '31', 'Progreso'),
(2352, '31', 'Quintana Roo'),
(2353, '31', 'R&iacute;o Lagartos'),
(2354, '31', 'Sacalum'),
(2355, '31', 'Samahil'),
(2356, '31', 'Sanahcat'),
(2357, '31', 'San Felipe'),
(2358, '31', 'Santa Elena'),
(2359, '31', 'Sey&eacute;'),
(2360, '31', 'Sinanch&eacute;'),
(2361, '31', 'Sotuta'),
(2362, '31', 'Sucil&aacute;'),
(2363, '31', 'Sudzal'),
(2364, '31', 'Suma'),
(2365, '31', 'Tahdzi&uacute;'),
(2366, '31', 'Tahmek'),
(2367, '31', 'Teabo'),
(2368, '31', 'Tecoh'),
(2369, '31', 'Tekal de Venegas'),
(2370, '31', 'Tekant&oacute;'),
(2371, '31', 'Tekax'),
(2372, '31', 'Tekit'),
(2373, '31', 'Tekom'),
(2374, '31', 'Telchac Pueblo'),
(2375, '31', 'Telchac Puerto'),
(2376, '31', 'Temax'),
(2377, '31', 'Temoz&oacute;n'),
(2378, '31', 'Tepak&aacute;n'),
(2379, '31', 'Tetiz'),
(2380, '31', 'Teya'),
(2381, '31', 'Ticul'),
(2382, '31', 'Timucuy'),
(2383, '31', 'Tinum'),
(2384, '31', 'Tixcacalcupul'),
(2385, '31', 'Tixkokob'),
(2386, '31', 'Tixmehuac'),
(2387, '31', 'Tixp&eacute;hual'),
(2388, '31', 'Tizim&iacute;n'),
(2389, '31', 'Tunk&aacute;s'),
(2390, '31', 'Tzucacab'),
(2391, '31', 'Uayma'),
(2392, '31', 'Uc&uacute;'),
(2393, '31', 'Um&aacute;n'),
(2394, '31', 'Valladolid'),
(2395, '31', 'Xocchel'),
(2396, '31', 'Yaxcab&aacute;'),
(2397, '31', 'Yaxkukul'),
(2398, '31', 'Yoba&iacute;n'),
(2399, '32', 'Apozol'),
(2400, '32', 'Apulco'),
(2401, '32', 'Atolinga'),
(2402, '32', 'Benito Ju&aacute;rez'),
(2403, '32', 'Calera'),
(2404, '32', 'Ca&ntilde;itas de Felipe Pescador'),
(2405, '32', 'Concepci&oacute;n del Oro'),
(2406, '32', 'Cuauht&eacute;moc'),
(2407, '32', 'Chalchihuites'),
(2408, '32', 'Fresnillo'),
(2409, '32', 'Trinidad Garc&iacute;a de la Cadena'),
(2410, '32', 'Genaro Codina'),
(2411, '32', 'General Enrique Estrada'),
(2412, '32', 'General Francisco R. Murgu&iacute;a'),
(2413, '32', 'El Plateado de Joaqu&iacute;n Amaro'),
(2414, '32', 'General P&aacute;nfilo Natera'),
(2415, '32', 'Guadalupe'),
(2416, '32', 'Huanusco'),
(2417, '32', 'Jalpa'),
(2418, '32', 'Jerez'),
(2419, '32', 'Jim&eacute;nez del Teul'),
(2420, '32', 'Juan Aldama'),
(2421, '32', 'Juchipila'),
(2422, '32', 'Loreto'),
(2423, '32', 'Luis Moya'),
(2424, '32', 'Mazapil'),
(2425, '32', 'Melchor Ocampo'),
(2426, '32', 'Mezquital del Oro'),
(2427, '32', 'Miguel Auza'),
(2428, '32', 'Momax'),
(2429, '32', 'Monte Escobedo'),
(2430, '32', 'Morelos'),
(2431, '32', 'Moyahua de Estrada'),
(2432, '32', 'Nochistl&aacute;n de Mej&iacute;a'),
(2433, '32', 'Noria de &Aacute;ngeles'),
(2434, '32', 'Ojocaliente'),
(2435, '32', 'P&aacute;nuco'),
(2436, '32', 'Pinos'),
(2437, '32', 'R&iacute;o Grande'),
(2438, '32', 'Sain Alto'),
(2439, '32', 'El Salvador'),
(2440, '32', 'Sombrerete'),
(2441, '32', 'Susticac&aacute;n'),
(2442, '32', 'Tabasco'),
(2443, '32', 'Tepechitl&aacute;n'),
(2444, '32', 'Tepetongo'),
(2445, '32', 'Te&uacute;l de Gonz&aacute;lez Ortega'),
(2446, '32', 'Tlaltenango de S&aacute;nchez Rom&aacute;n'),
(2447, '32', 'Valpara&iacute;so'),
(2448, '32', 'Vetagrande'),
(2449, '32', 'Villa de Cos'),
(2450, '32', 'Villa Garc&iacute;a'),
(2451, '32', 'Villa Gonz&aacute;lez Ortega'),
(2452, '32', 'Villa Hidalgo'),
(2453, '32', 'Villanueva'),
(2454, '32', 'Zacatecas'),
(2455, '32', 'Trancoso'),
(2456, '32', 'Santa Mar&iacute;a de la Paz');

-- --------------------------------------------------------

--
-- Estructura Stand-in para la vista `v1`
-- (Véase abajo para la vista actual)
--
CREATE TABLE `v1` (
`ref` varchar(10)
,`nom` varchar(40)
,`ap1` varchar(30)
,`ap2` varchar(30)
,`esc` varchar(60)
,`prom` float
,`hor` timestamp
,`lab` int(5)
,`ac` int(5)
);

-- --------------------------------------------------------

--
-- Estructura para la vista `AciertosMun`
--
DROP TABLE IF EXISTS `AciertosMun`;

CREATE ALGORITHM=UNDEFINED DEFINER=`root`@`localhost` SQL SECURITY DEFINER VIEW `AciertosMun`  AS  select `Examen`.`NoReferencia` AS `NoReferencia`,`Contacto`.`Municipio` AS `Municipio`,`Contacto`.`Estado` AS `Estado`,`Examen`.`Aciertos` AS `Aciertos` from (`Contacto` join `Examen`) where (`Examen`.`NoReferencia` = `Contacto`.`NoReferencia`) ;

-- --------------------------------------------------------

--
-- Estructura para la vista `AciertosPromSexo`
--
DROP TABLE IF EXISTS `AciertosPromSexo`;

CREATE ALGORITHM=UNDEFINED DEFINER=`root`@`localhost` SQL SECURITY DEFINER VIEW `AciertosPromSexo`  AS  select `AciertosSexo`.`Sexo` AS `Sexo`,avg(`AciertosSexo`.`Aciertos`) AS `Promedio` from `AciertosSexo` group by `AciertosSexo`.`Sexo` ;

-- --------------------------------------------------------

--
-- Estructura para la vista `AciertosSexo`
--
DROP TABLE IF EXISTS `AciertosSexo`;

CREATE ALGORITHM=UNDEFINED DEFINER=`root`@`localhost` SQL SECURITY DEFINER VIEW `AciertosSexo`  AS  select `Alumno`.`NoReferencia` AS `NoReferencia`,`Alumno`.`Sexo` AS `Sexo`,`Examen`.`Aciertos` AS `Aciertos` from (`Alumno` join `Examen`) where (`Alumno`.`NoReferencia` = `Examen`.`NoReferencia`) ;

-- --------------------------------------------------------

--
-- Estructura para la vista `AlumnoMunicipio`
--
DROP TABLE IF EXISTS `AlumnoMunicipio`;

CREATE ALGORITHM=UNDEFINED DEFINER=`root`@`localhost` SQL SECURITY DEFINER VIEW `AlumnoMunicipio`  AS  select `Contacto`.`Municipio` AS `Municipio`,`Contacto`.`Estado` AS `Estado`,count(0) AS `Alumnos` from `Contacto` group by `Contacto`.`Municipio`,`Contacto`.`Estado` ;

-- --------------------------------------------------------

--
-- Estructura para la vista `AlumnosEdad`
--
DROP TABLE IF EXISTS `AlumnosEdad`;

CREATE ALGORITHM=UNDEFINED DEFINER=`root`@`localhost` SQL SECURITY DEFINER VIEW `AlumnosEdad`  AS  select `EdadAciertos`.`Edad` AS `Edad`,count(0) AS `Alumnos` from `EdadAciertos` group by `EdadAciertos`.`Edad` ;

-- --------------------------------------------------------

--
-- Estructura para la vista `AlumnosHorario`
--
DROP TABLE IF EXISTS `AlumnosHorario`;

CREATE ALGORITHM=UNDEFINED DEFINER=`root`@`localhost` SQL SECURITY DEFINER VIEW `AlumnosHorario`  AS  select `Examen`.`Horario` AS `Horario`,count(0) AS `Alumnos` from `Examen` group by `Examen`.`Horario` ;

-- --------------------------------------------------------

--
-- Estructura para la vista `AlumnosLab`
--
DROP TABLE IF EXISTS `AlumnosLab`;

CREATE ALGORITHM=UNDEFINED DEFINER=`root`@`localhost` SQL SECURITY DEFINER VIEW `AlumnosLab`  AS  select `Examen`.`Laboratorio` AS `Laboratorio`,count(0) AS `Alumnos` from `Examen` group by `Examen`.`Laboratorio` ;

-- --------------------------------------------------------

--
-- Estructura para la vista `AlumnosLab10`
--
DROP TABLE IF EXISTS `AlumnosLab10`;

CREATE ALGORITHM=UNDEFINED DEFINER=`root`@`localhost` SQL SECURITY DEFINER VIEW `AlumnosLab10`  AS  select `Examen`.`Laboratorio` AS `Laboratorio`,count(0) AS `Alumnos` from `Examen` where (`Examen`.`Horario` = '2018-06-13 10:00:00') group by `Examen`.`Laboratorio` ;

-- --------------------------------------------------------

--
-- Estructura para la vista `AlumnosLab12`
--
DROP TABLE IF EXISTS `AlumnosLab12`;

CREATE ALGORITHM=UNDEFINED DEFINER=`root`@`localhost` SQL SECURITY DEFINER VIEW `AlumnosLab12`  AS  select `Examen`.`Laboratorio` AS `Laboratorio`,count(0) AS `Alumnos` from `Examen` where (`Examen`.`Horario` = '2018-06-13 12:00:00') group by `Examen`.`Laboratorio` ;

-- --------------------------------------------------------

--
-- Estructura para la vista `AlumnosLab14`
--
DROP TABLE IF EXISTS `AlumnosLab14`;

CREATE ALGORITHM=UNDEFINED DEFINER=`root`@`localhost` SQL SECURITY DEFINER VIEW `AlumnosLab14`  AS  select `Examen`.`Laboratorio` AS `Laboratorio`,count(0) AS `Alumnos` from `Examen` where (`Examen`.`Horario` = '2018-06-13 14:00:00') group by `Examen`.`Laboratorio` ;

-- --------------------------------------------------------

--
-- Estructura para la vista `AlumnosSexo`
--
DROP TABLE IF EXISTS `AlumnosSexo`;

CREATE ALGORITHM=UNDEFINED DEFINER=`root`@`localhost` SQL SECURITY DEFINER VIEW `AlumnosSexo`  AS  select `AciertosSexo`.`Sexo` AS `Sexo`,count(0) AS `Alumnos` from `AciertosSexo` group by `AciertosSexo`.`Sexo` ;

-- --------------------------------------------------------

--
-- Estructura para la vista `EdadAciertos`
--
DROP TABLE IF EXISTS `EdadAciertos`;

CREATE ALGORITHM=UNDEFINED DEFINER=`root`@`localhost` SQL SECURITY DEFINER VIEW `EdadAciertos`  AS  select `Nacimiento`.`NoReferencia` AS `NoReferencia`,((year(now()) - year(`Nacimiento`.`Fecha`)) - (right(now(),5) < right(`Nacimiento`.`Fecha`,5))) AS `Edad`,`Examen`.`Aciertos` AS `Aciertos` from (`Nacimiento` join `Examen`) where (`Nacimiento`.`NoReferencia` = `Examen`.`NoReferencia`) ;

-- --------------------------------------------------------

--
-- Estructura para la vista `EscuelaAciertos`
--
DROP TABLE IF EXISTS `EscuelaAciertos`;

CREATE ALGORITHM=UNDEFINED DEFINER=`root`@`localhost` SQL SECURITY DEFINER VIEW `EscuelaAciertos`  AS  select `Escolares`.`NoReferencia` AS `NoReferencia`,`Escolares`.`Escuela` AS `Escuela`,`Examen`.`Aciertos` AS `Aciertos` from (`Examen` join `Escolares`) where (`Escolares`.`NoReferencia` = `Examen`.`NoReferencia`) ;

-- --------------------------------------------------------

--
-- Estructura para la vista `informacion_general`
--
DROP TABLE IF EXISTS `informacion_general`;

CREATE ALGORITHM=UNDEFINED DEFINER=`root`@`localhost` SQL SECURITY DEFINER VIEW `informacion_general`  AS  select `a`.`NoReferencia` AS `ref`,`a`.`Nombre` AS `nom`,`a`.`Ap1` AS `ap1`,`a`.`Ap2` AS `ap2`,`a`.`Sexo` AS `sex`,`a`.`CURP` AS `curp`,`a`.`Password` AS `pass`,`e`.`Escuela` AS `esc`,`e`.`Promedio` AS `prom`,`e`.`Opcion` AS `opc`,`n`.`Fecha` AS `fec`,`n`.`Pais` AS `pais`,`n`.`Estado` AS `pais_est`,`c`.`Direccion` AS `dir`,`c`.`Municipio` AS `mun`,`c`.`Estado` AS `mun_est`,`c`.`Cel` AS `cel`,`c`.`Tel` AS `tel`,`c`.`Correo` AS `email`,`ex`.`Horario` AS `hor`,`ex`.`Laboratorio` AS `lab`,`ex`.`Aciertos` AS `aci` from ((((`Alumno` `a` join `Escolares` `e`) join `Nacimiento` `n`) join `Contacto` `c`) join `Examen` `ex`) where ((`a`.`NoReferencia` = `e`.`NoReferencia`) and (`a`.`NoReferencia` = `n`.`NoReferencia`) and (`a`.`NoReferencia` = `c`.`NoReferencia`) and (`a`.`NoReferencia` = `ex`.`NoReferencia`) and (`e`.`NoReferencia` = `n`.`NoReferencia`) and (`e`.`NoReferencia` = `c`.`NoReferencia`) and (`e`.`NoReferencia` = `ex`.`NoReferencia`) and (`n`.`NoReferencia` = `c`.`NoReferencia`) and (`n`.`NoReferencia` = `ex`.`NoReferencia`) and (`c`.`NoReferencia` = `ex`.`NoReferencia`)) ;

-- --------------------------------------------------------

--
-- Estructura para la vista `NumAciertos`
--
DROP TABLE IF EXISTS `NumAciertos`;

CREATE ALGORITHM=UNDEFINED DEFINER=`root`@`localhost` SQL SECURITY DEFINER VIEW `NumAciertos`  AS  select `Examen`.`Aciertos` AS `Aciertos`,count(0) AS `Alumnos` from `Examen` group by `Examen`.`Aciertos` ;

-- --------------------------------------------------------

--
-- Estructura para la vista `PromEdadAciertos`
--
DROP TABLE IF EXISTS `PromEdadAciertos`;

CREATE ALGORITHM=UNDEFINED DEFINER=`root`@`localhost` SQL SECURITY DEFINER VIEW `PromEdadAciertos`  AS  select `EdadAciertos`.`Edad` AS `Escuela`,avg(`EdadAciertos`.`Aciertos`) AS `Promedio` from `EdadAciertos` group by `EdadAciertos`.`Edad` ;

-- --------------------------------------------------------

--
-- Estructura para la vista `PromEscAciertos`
--
DROP TABLE IF EXISTS `PromEscAciertos`;

CREATE ALGORITHM=UNDEFINED DEFINER=`root`@`localhost` SQL SECURITY DEFINER VIEW `PromEscAciertos`  AS  select `EscuelaAciertos`.`Escuela` AS `Escuela`,avg(`EscuelaAciertos`.`Aciertos`) AS `Promedio` from `EscuelaAciertos` group by `EscuelaAciertos`.`Escuela` ;

-- --------------------------------------------------------

--
-- Estructura para la vista `PromMunAciertos`
--
DROP TABLE IF EXISTS `PromMunAciertos`;

CREATE ALGORITHM=UNDEFINED DEFINER=`root`@`localhost` SQL SECURITY DEFINER VIEW `PromMunAciertos`  AS  select `AciertosMun`.`Municipio` AS `Municipio`,`AciertosMun`.`Estado` AS `Estado`,avg(`AciertosMun`.`Aciertos`) AS `Promedio` from `AciertosMun` group by `AciertosMun`.`Municipio`,`AciertosMun`.`Estado` ;

-- --------------------------------------------------------

--
-- Estructura para la vista `v1`
--
DROP TABLE IF EXISTS `v1`;

CREATE ALGORITHM=UNDEFINED DEFINER=`root`@`localhost` SQL SECURITY DEFINER VIEW `v1`  AS  select `a`.`NoReferencia` AS `ref`,`a`.`Nombre` AS `nom`,`a`.`Ap1` AS `ap1`,`a`.`Ap2` AS `ap2`,`e`.`Escuela` AS `esc`,`e`.`Promedio` AS `prom`,`ex`.`Horario` AS `hor`,`ex`.`Laboratorio` AS `lab`,`ex`.`Aciertos` AS `ac` from ((`Alumno` `a` join `Escolares` `e`) join `Examen` `ex`) where ((`a`.`NoReferencia` = `e`.`NoReferencia`) and (`e`.`NoReferencia` = `ex`.`NoReferencia`) and (`a`.`NoReferencia` = `ex`.`NoReferencia`)) order by 1,2,3 ;

--
-- Índices para tablas volcadas
--

--
-- Indices de la tabla `Administrador`
--
ALTER TABLE `Administrador`
  ADD PRIMARY KEY (`Username`);

--
-- Indices de la tabla `Alumno`
--
ALTER TABLE `Alumno`
  ADD PRIMARY KEY (`NoReferencia`);

--
-- Indices de la tabla `Contacto`
--
ALTER TABLE `Contacto`
  ADD PRIMARY KEY (`NoReferencia`);

--
-- Indices de la tabla `Escolares`
--
ALTER TABLE `Escolares`
  ADD PRIMARY KEY (`NoReferencia`);

--
-- Indices de la tabla `estado`
--
ALTER TABLE `estado`
  ADD PRIMARY KEY (`id`),
  ADD KEY `IDX_4786469191104EC2` (`ubicacionpaisid`);

--
-- Indices de la tabla `Examen`
--
ALTER TABLE `Examen`
  ADD PRIMARY KEY (`NoReferencia`);

--
-- Indices de la tabla `Nacimiento`
--
ALTER TABLE `Nacimiento`
  ADD PRIMARY KEY (`NoReferencia`);

--
-- Indices de la tabla `pais`
--
ALTER TABLE `pais`
  ADD PRIMARY KEY (`id`);

--
-- AUTO_INCREMENT de las tablas volcadas
--

--
-- AUTO_INCREMENT de la tabla `estado`
--
ALTER TABLE `estado`
  MODIFY `id` int(11) NOT NULL AUTO_INCREMENT, AUTO_INCREMENT=2202;

--
-- AUTO_INCREMENT de la tabla `pais`
--
ALTER TABLE `pais`
  MODIFY `id` int(11) NOT NULL AUTO_INCREMENT, AUTO_INCREMENT=247;

--
-- Restricciones para tablas volcadas
--

--
-- Filtros para la tabla `Contacto`
--
ALTER TABLE `Contacto`
  ADD CONSTRAINT `Contacto_ibfk_1` FOREIGN KEY (`NoReferencia`) REFERENCES `Alumno` (`NoReferencia`) ON DELETE CASCADE ON UPDATE CASCADE;

--
-- Filtros para la tabla `Escolares`
--
ALTER TABLE `Escolares`
  ADD CONSTRAINT `Escolares_ibfk_1` FOREIGN KEY (`NoReferencia`) REFERENCES `Alumno` (`NoReferencia`) ON DELETE CASCADE ON UPDATE CASCADE;

--
-- Filtros para la tabla `Examen`
--
ALTER TABLE `Examen`
  ADD CONSTRAINT `Examen_ibfk_1` FOREIGN KEY (`NoReferencia`) REFERENCES `Alumno` (`NoReferencia`) ON DELETE CASCADE ON UPDATE CASCADE;

--
-- Filtros para la tabla `Nacimiento`
--
ALTER TABLE `Nacimiento`
  ADD CONSTRAINT `Nacimiento_ibfk_1` FOREIGN KEY (`NoReferencia`) REFERENCES `Alumno` (`NoReferencia`) ON DELETE CASCADE ON UPDATE CASCADE;
COMMIT;

/*!40101 SET CHARACTER_SET_CLIENT=@OLD_CHARACTER_SET_CLIENT */;
/*!40101 SET CHARACTER_SET_RESULTS=@OLD_CHARACTER_SET_RESULTS */;
/*!40101 SET COLLATION_CONNECTION=@OLD_COLLATION_CONNECTION */;
